timestamp,setPoint,xAngVel,simSpeed,thrustPitch,xAngle,systemTime
0.000000,0.000000,0.000000,0.000000,0.000000,0.000000,64677.000000,
1.000000,-0.349066,0.000000,0.023810,-0.021102,0.000000,64695.000000,
2.000000,-0.349066,0.000000,0.333333,-0.021102,0.000000,64699.000000,
3.000000,-0.349066,-0.000073,0.333333,-0.021102,-0.000000,64702.000000,
4.000000,-0.349066,-0.000147,0.500000,-0.021102,-0.000000,64704.000000,
5.000000,-0.349066,-0.000220,0.333333,-0.021102,-0.000000,64707.000000,
6.000000,-0.349066,-0.000294,0.500000,-0.021102,-0.000001,64710.000000,
7.000000,-0.349066,-0.000367,0.500000,-0.021102,-0.000001,64713.000000,
8.000000,-0.349066,-0.000441,0.500000,-0.021102,-0.000002,64716.000000,
9.000000,-0.349066,-0.000514,0.500000,-0.021102,-0.000002,64718.000000,
10.000000,-0.349066,-0.000588,0.333333,-0.021102,-0.000003,64722.000000,
11.000000,-0.349066,-0.000661,0.500000,-0.030838,-0.000003,64724.000000,
12.000000,-0.349066,-0.000735,0.333333,-0.030838,-0.000004,64728.000000,
13.000000,-0.349066,-0.000842,0.500000,-0.030838,-0.000005,64731.000000,
14.000000,-0.349066,-0.000950,0.333333,-0.030838,-0.000006,64734.000000,
15.000000,-0.349066,-0.001057,0.500000,-0.030838,-0.000007,64737.000000,
16.000000,-0.349066,-0.001165,0.500000,-0.030838,-0.000008,64740.000000,
17.000000,-0.349066,-0.001272,0.500000,-0.030838,-0.000009,64742.000000,
18.000000,-0.349066,-0.001379,0.500000,-0.030838,-0.000011,64745.000000,
19.000000,-0.349066,-0.001487,0.500000,-0.030838,-0.000012,64748.000000,
20.000000,-0.349066,-0.001594,0.500000,-0.030838,-0.000014,64751.000000,
21.000000,-0.349066,-0.001702,0.500000,-0.040492,-0.000015,64753.000000,
22.000000,-0.349066,-0.001809,0.500000,-0.040492,-0.000017,64756.000000,
23.000000,-0.349066,-0.001950,0.333333,-0.040492,-0.000019,64760.000000,
24.000000,-0.349066,-0.002091,0.500000,-0.040492,-0.000021,64763.000000,
25.000000,-0.349066,-0.002232,0.500000,-0.040492,-0.000024,64765.000000,
26.000000,-0.349066,-0.002373,0.500000,-0.040492,-0.000026,64768.000000,
27.000000,-0.349066,-0.002515,0.500000,-0.040492,-0.000028,64771.000000,
28.000000,-0.349066,-0.002656,0.500000,-0.040492,-0.000031,64774.000000,
29.000000,-0.349066,-0.002797,0.333333,-0.040492,-0.000034,64777.000000,
30.000000,-0.349066,-0.002938,0.500000,-0.040492,-0.000037,64780.000000,
31.000000,-0.349066,-0.003079,0.333333,-0.050108,-0.000040,64783.000000,
32.000000,-0.349066,-0.003220,0.333333,-0.050108,-0.000043,64787.000000,
33.000000,-0.349066,-0.003395,0.500000,-0.050108,-0.000047,64789.000000,
34.000000,-0.349066,-0.003569,0.333333,-0.050108,-0.000050,64793.000000,
35.000000,-0.349066,-0.003744,0.333333,-0.050108,-0.000054,64796.000000,
36.000000,-0.349066,-0.003918,0.500000,-0.050108,-0.000058,64799.000000,
37.000000,-0.349066,-0.004093,0.500000,-0.050108,-0.000062,64802.000000,
38.000000,-0.349066,-0.004268,0.500000,-0.050108,-0.000066,64804.000000,
39.000000,-0.349066,-0.004442,0.500000,-0.050108,-0.000071,64807.000000,
40.000000,-0.349066,-0.004617,0.333333,-0.050108,-0.000075,64811.000000,
41.000000,-0.349066,-0.004792,0.333333,-0.059658,-0.000080,64814.000000,
42.000000,-0.349066,-0.004966,0.500000,-0.059658,-0.000085,64817.000000,
43.000000,-0.349066,-0.005174,0.333333,-0.059658,-0.000090,64820.000000,
44.000000,-0.349066,-0.005382,0.500000,-0.059658,-0.000096,64823.000000,
45.000000,-0.349066,-0.005590,0.004950,-0.059658,-0.000101,65026.000000,
46.000000,-0.349066,-0.005798,0.250000,-0.059658,-0.000107,65030.000000,
47.000000,-0.349066,-0.006006,0.200000,-0.059658,-0.000113,65036.000000,
48.000000,-0.349066,-0.006214,0.333333,-0.059658,-0.000119,65039.000000,
49.000000,-0.349066,-0.006422,0.333333,-0.059658,-0.000126,65042.000000,
50.000000,-0.349066,-0.006630,0.333333,-0.059658,-0.000132,65045.000000,
51.000000,-0.349066,-0.006838,0.333333,-0.069130,-0.000139,65049.000000,
52.000000,-0.349066,-0.007046,0.500000,-0.069130,-0.000146,65052.000000,
53.000000,-0.349066,-0.007287,0.500000,-0.069130,-0.000153,65055.000000,
54.000000,-0.349066,-0.007528,0.500000,-0.069130,-0.000161,65057.000000,
55.000000,-0.349066,-0.007769,0.333333,-0.069130,-0.000169,65061.000000,
56.000000,-0.349066,-0.008011,0.500000,-0.069130,-0.000177,65064.000000,
57.000000,-0.349066,-0.008252,0.500000,-0.069130,-0.000185,65066.000000,
58.000000,-0.349066,-0.008493,0.500000,-0.069130,-0.000193,65069.000000,
59.000000,-0.349066,-0.008734,0.500000,-0.069130,-0.000202,65071.000000,
60.000000,-0.349066,-0.008975,0.500000,-0.069130,-0.000211,65074.000000,
61.000000,-0.349066,-0.009216,0.250000,-0.078517,-0.000220,65078.000000,
62.000000,-0.349066,-0.009457,0.500000,-0.078517,-0.000230,65081.000000,
63.000000,-0.349066,-0.009731,0.500000,-0.078517,-0.000240,65083.000000,
64.000000,-0.349066,-0.010005,0.333333,-0.078517,-0.000250,65087.000000,
65.000000,-0.349066,-0.010279,0.500000,-0.078517,-0.000260,65090.000000,
66.000000,-0.349066,-0.010553,0.250000,-0.078517,-0.000270,65095.000000,
67.000000,-0.349066,-0.010827,0.500000,-0.078517,-0.000281,65098.000000,
68.000000,-0.349066,-0.011101,0.500000,-0.078517,-0.000292,65101.000000,
69.000000,-0.349066,-0.011375,0.500000,-0.078517,-0.000304,65103.000000,
70.000000,-0.349066,-0.011649,0.500000,-0.078517,-0.000315,65106.000000,
71.000000,-0.349066,-0.011923,0.200000,-0.087809,-0.000327,65111.000000,
72.000000,-0.349066,-0.012197,0.250000,-0.087809,-0.000339,65115.000000,
73.000000,-0.349066,-0.012504,0.250000,-0.087809,-0.000352,65120.000000,
74.000000,-0.349066,-0.012810,0.250000,-0.087809,-0.000365,65124.000000,
75.000000,-0.349066,-0.013117,0.200000,-0.087809,-0.000378,65129.000000,
76.000000,-0.349066,-0.013423,0.333333,-0.087809,-0.000391,65133.000000,
77.000000,-0.349066,-0.013730,0.333333,-0.087809,-0.000405,65136.000000,
78.000000,-0.349066,-0.014036,0.333333,-0.087809,-0.000419,65139.000000,
79.000000,-0.349066,-0.014343,0.333333,-0.087809,-0.000433,65142.000000,
80.000000,-0.349066,-0.014650,0.250000,-0.087809,-0.000448,65147.000000,
81.000000,-0.349066,-0.014956,0.250000,-0.096998,-0.000463,65151.000000,
82.000000,-0.349066,-0.015263,0.250000,-0.096998,-0.000478,65156.000000,
83.000000,-0.349066,-0.015602,0.250000,-0.096998,-0.000494,65160.000000,
84.000000,-0.349066,-0.015940,0.333333,-0.096998,-0.000510,65163.000000,
85.000000,-0.349066,-0.016279,0.333333,-0.096998,-0.000526,65166.000000,
86.000000,-0.349066,-0.016618,0.500000,-0.096998,-0.000543,65169.000000,
87.000000,-0.349066,-0.016957,0.333333,-0.096998,-0.000560,65172.000000,
88.000000,-0.349066,-0.017296,0.333333,-0.096998,-0.000577,65175.000000,
89.000000,-0.349066,-0.017635,0.250000,-0.096998,-0.000595,65179.000000,
90.000000,-0.349066,-0.017973,0.333333,-0.096998,-0.000613,65182.000000,
91.000000,-0.349066,-0.018312,0.333333,-0.106073,-0.000631,65186.000000,
92.000000,-0.349066,-0.018651,0.333333,-0.106073,-0.000650,65189.000000,
93.000000,-0.349066,-0.019022,0.250000,-0.106073,-0.000669,65193.000000,
94.000000,-0.349066,-0.019393,0.333333,-0.106073,-0.000688,65196.000000,
95.000000,-0.349066,-0.019763,0.500000,-0.106073,-0.000708,65199.000000,
96.000000,-0.349066,-0.020134,0.333333,-0.106073,-0.000728,65203.000000,
97.000000,-0.349066,-0.020505,0.250000,-0.106073,-0.000748,65207.000000,
98.000000,-0.349066,-0.020876,0.250000,-0.106073,-0.000769,65211.000000,
99.000000,-0.349066,-0.021246,0.500000,-0.106073,-0.000790,65214.000000,
100.000000,-0.349066,-0.021617,0.333333,-0.106073,-0.000812,65218.000000,
101.000000,-0.349066,-0.021988,0.500000,-0.115027,-0.000834,65220.000000,
102.000000,-0.349066,-0.022359,0.500000,-0.115027,-0.000856,65223.000000,
103.000000,-0.349066,-0.022761,0.250000,-0.115027,-0.000879,65228.000000,
104.000000,-0.349066,-0.023163,0.500000,-0.115027,-0.000902,65230.000000,
105.000000,-0.349066,-0.023566,0.500000,-0.115027,-0.000926,65233.000000,
106.000000,-0.349066,-0.023968,0.500000,-0.115027,-0.000950,65236.000000,
107.000000,-0.349066,-0.024370,0.500000,-0.115027,-0.000974,65239.000000,
108.000000,-0.349066,-0.024772,0.333333,-0.115027,-0.000999,65243.000000,
109.000000,-0.349066,-0.025175,0.333333,-0.115027,-0.001024,65247.000000,
110.000000,-0.349066,-0.025577,0.333333,-0.115027,-0.001050,65251.000000,
111.000000,-0.349066,-0.025979,0.250000,-0.123851,-0.001076,65255.000000,
112.000000,-0.349066,-0.026382,0.500000,-0.123851,-0.001102,65258.000000,
113.000000,-0.349066,-0.026815,0.333333,-0.123851,-0.001129,65262.000000,
114.000000,-0.349066,-0.027249,0.333333,-0.123851,-0.001156,65265.000000,
115.000000,-0.349066,-0.027682,0.250000,-0.123851,-0.001184,65269.000000,
116.000000,-0.349066,-0.028116,0.250000,-0.123851,-0.001212,65273.000000,
117.000000,-0.349066,-0.028549,0.250000,-0.123851,-0.001241,65278.000000,
118.000000,-0.349066,-0.028983,0.333333,-0.123851,-0.001270,65282.000000,
119.000000,-0.349066,-0.029416,0.500000,-0.123851,-0.001299,65284.000000,
120.000000,-0.349066,-0.029850,0.500000,-0.123851,-0.001329,65287.000000,
121.000000,-0.349066,-0.030283,0.333333,-0.132537,-0.001359,65290.000000,
122.000000,-0.349066,-0.030716,0.250000,-0.132537,-0.001390,65295.000000,
123.000000,-0.349066,-0.031181,0.250000,-0.132537,-0.001421,65299.000000,
124.000000,-0.349066,-0.031645,0.250000,-0.132537,-0.001453,65303.000000,
125.000000,-0.349066,-0.032109,0.250000,-0.132537,-0.001485,65307.000000,
126.000000,-0.349066,-0.032573,0.250000,-0.132537,-0.001517,65312.000000,
127.000000,-0.349066,-0.033037,0.333333,-0.132537,-0.001550,65315.000000,
128.000000,-0.349066,-0.033502,0.500000,-0.132537,-0.001584,65318.000000,
129.000000,-0.349066,-0.033966,0.500000,-0.132537,-0.001618,65321.000000,
130.000000,-0.349066,-0.034430,0.500000,-0.132537,-0.001652,65324.000000,
131.000000,-0.349066,-0.034894,0.200000,-0.132537,-0.001687,65329.000000,
132.000000,-0.349066,-0.035359,0.250000,-0.141915,-0.001722,65333.000000,
133.000000,-0.349066,-0.035823,0.333333,-0.141915,-0.001758,65337.000000,
134.000000,-0.349066,-0.036320,0.500000,-0.141915,-0.001795,65340.000000,
135.000000,-0.349066,-0.036818,0.333333,-0.141915,-0.001831,65343.000000,
136.000000,-0.349066,-0.037315,0.333333,-0.141915,-0.001869,65346.000000,
137.000000,-0.349066,-0.037813,0.500000,-0.141915,-0.001907,65349.000000,
138.000000,-0.349066,-0.038310,0.500000,-0.141915,-0.001945,65352.000000,
139.000000,-0.349066,-0.038807,0.333333,-0.141915,-0.001984,65356.000000,
140.000000,-0.349066,-0.039305,0.333333,-0.141915,-0.002023,65360.000000,
141.000000,-0.349066,-0.039802,0.500000,-0.141915,-0.002063,65363.000000,
142.000000,-0.349066,-0.040300,0.500000,-0.150283,-0.002103,65365.000000,
143.000000,-0.349066,-0.040797,0.500000,-0.150283,-0.002144,65368.000000,
144.000000,-0.349066,-0.041325,0.500000,-0.150283,-0.002185,65371.000000,
145.000000,-0.349066,-0.041852,0.500000,-0.150283,-0.002227,65374.000000,
146.000000,-0.349066,-0.042379,0.250000,-0.150283,-0.002269,65378.000000,
147.000000,-0.349066,-0.042906,0.333333,-0.150283,-0.002312,65381.000000,
148.000000,-0.349066,-0.043433,0.500000,-0.150283,-0.002356,65384.000000,
149.000000,-0.349066,-0.043961,0.333333,-0.150283,-0.002400,65387.000000,
150.000000,-0.349066,-0.044488,0.500000,-0.150283,-0.002444,65390.000000,
151.000000,-0.349066,-0.045015,0.250000,-0.150283,-0.002489,65394.000000,
152.000000,-0.349066,-0.045542,0.333333,-0.158486,-0.002535,65397.000000,
153.000000,-0.349066,-0.046069,0.500000,-0.158486,-0.002581,65400.000000,
154.000000,-0.349066,-0.046626,0.500000,-0.158486,-0.002627,65403.000000,
155.000000,-0.349066,-0.047182,0.333333,-0.158486,-0.002675,65406.000000,
156.000000,-0.349066,-0.047739,0.333333,-0.158486,-0.002722,65410.000000,
157.000000,-0.349066,-0.048295,0.333333,-0.158486,-0.002771,65413.000000,
158.000000,-0.349066,-0.048851,0.500000,-0.158486,-0.002820,65416.000000,
159.000000,-0.349066,-0.049408,0.333333,-0.158486,-0.002869,65420.000000,
160.000000,-0.349066,-0.049964,0.500000,-0.158486,-0.002919,65423.000000,
161.000000,-0.349066,-0.050521,0.333333,-0.158486,-0.002969,65427.000000,
162.000000,-0.349066,-0.051077,0.500000,-0.166518,-0.003021,65430.000000,
163.000000,-0.349066,-0.051634,0.500000,-0.166518,-0.003072,65432.000000,
164.000000,-0.349066,-0.052219,0.500000,-0.166518,-0.003124,65435.000000,
165.000000,-0.349066,-0.052804,0.333333,-0.166518,-0.003177,65438.000000,
166.000000,-0.349066,-0.053389,0.500000,-0.166518,-0.003231,65441.000000,
167.000000,-0.349066,-0.053974,0.333333,-0.166518,-0.003285,65444.000000,
168.000000,-0.349066,-0.054559,0.500000,-0.166518,-0.003339,65447.000000,
169.000000,-0.349066,-0.055144,0.500000,-0.166518,-0.003394,65450.000000,
170.000000,-0.349066,-0.055729,0.333333,-0.166518,-0.003450,65453.000000,
171.000000,-0.349066,-0.056314,0.500000,-0.166518,-0.003506,65456.000000,
172.000000,-0.349066,-0.056900,0.250000,-0.174370,-0.003563,65460.000000,
173.000000,-0.349066,-0.057485,0.333333,-0.174370,-0.003621,65463.000000,
174.000000,-0.349066,-0.058098,0.333333,-0.174370,-0.003679,65467.000000,
175.000000,-0.349066,-0.058711,0.500000,-0.174370,-0.003737,65470.000000,
176.000000,-0.349066,-0.059324,0.500000,-0.174370,-0.003797,65472.000000,
177.000000,-0.349066,-0.059937,0.500000,-0.174370,-0.003857,65475.000000,
178.000000,-0.349066,-0.060551,0.333333,-0.174370,-0.003917,65478.000000,
179.000000,-0.349066,-0.061164,0.500000,-0.174370,-0.003978,65481.000000,
180.000000,-0.349066,-0.061777,0.500000,-0.174370,-0.004040,65484.000000,
181.000000,-0.349066,-0.062390,0.500000,-0.174370,-0.004103,65486.000000,
182.000000,-0.349066,-0.063004,0.500000,-0.182035,-0.004166,65489.000000,
183.000000,-0.349066,-0.063617,0.333333,-0.182035,-0.004229,65493.000000,
184.000000,-0.349066,-0.064257,0.500000,-0.182035,-0.004294,65495.000000,
185.000000,-0.349066,-0.064898,0.500000,-0.182035,-0.004358,65498.000000,
186.000000,-0.349066,-0.065539,0.500000,-0.182035,-0.004424,65501.000000,
187.000000,-0.349066,-0.066179,0.500000,-0.182035,-0.004490,65503.000000,
188.000000,-0.349066,-0.066820,0.500000,-0.182035,-0.004557,65506.000000,
189.000000,-0.349066,-0.067461,0.333333,-0.182035,-0.004624,65509.000000,
190.000000,-0.349066,-0.068102,0.500000,-0.182035,-0.004693,65512.000000,
191.000000,-0.349066,-0.068742,0.500000,-0.182035,-0.004761,65515.000000,
192.000000,-0.349066,-0.069383,0.500000,-0.189505,-0.004831,65517.000000,
193.000000,-0.349066,-0.070024,0.500000,-0.189505,-0.004901,65520.000000,
194.000000,-0.349066,-0.070691,0.500000,-0.189505,-0.004971,65523.000000,
195.000000,-0.349066,-0.071359,0.333333,-0.189505,-0.005043,65526.000000,
196.000000,-0.349066,-0.072026,0.333333,-0.189505,-0.005115,65529.000000,
197.000000,-0.349066,-0.072694,0.333333,-0.189505,-0.005187,65533.000000,
198.000000,-0.349066,-0.073361,0.500000,-0.189505,-0.005261,65535.000000,
199.000000,-0.349066,-0.074029,0.500000,-0.189505,-0.005335,65538.000000,
200.000000,-0.349066,-0.074697,0.500000,-0.189505,-0.005410,65540.000000,
201.000000,-0.349066,-0.075364,0.333333,-0.189505,-0.005485,65544.000000,
202.000000,-0.349066,-0.076032,0.333333,-0.196773,-0.005561,65547.000000,
203.000000,-0.349066,-0.076699,0.500000,-0.196773,-0.005638,65549.000000,
204.000000,-0.349066,-0.077393,0.500000,-0.196773,-0.005715,65552.000000,
205.000000,-0.349066,-0.078087,0.500000,-0.196773,-0.005793,65554.000000,
206.000000,-0.349066,-0.078781,0.500000,-0.196773,-0.005872,65557.000000,
207.000000,-0.349066,-0.079474,0.333333,-0.196773,-0.005951,65561.000000,
208.000000,-0.349066,-0.080168,0.500000,-0.196773,-0.006032,65564.000000,
209.000000,-0.349066,-0.080862,0.500000,-0.196773,-0.006112,65566.000000,
210.000000,-0.349066,-0.081556,0.500000,-0.196773,-0.006194,65569.000000,
211.000000,-0.349066,-0.082249,0.500000,-0.196773,-0.006276,65572.000000,
212.000000,-0.349066,-0.082943,0.500000,-0.203832,-0.006359,65574.000000,
213.000000,-0.349066,-0.083637,0.333333,-0.203832,-0.006443,65578.000000,
214.000000,-0.349066,-0.084356,0.500000,-0.203832,-0.006527,65580.000000,
215.000000,-0.349066,-0.085075,0.500000,-0.203832,-0.006612,65583.000000,
216.000000,-0.349066,-0.085795,0.500000,-0.203832,-0.006698,65586.000000,
217.000000,-0.349066,-0.086514,0.500000,-0.203832,-0.006784,65588.000000,
218.000000,-0.349066,-0.087233,0.500000,-0.203832,-0.006872,65591.000000,
219.000000,-0.349066,-0.087952,0.250000,-0.203832,-0.006960,65595.000000,
220.000000,-0.349066,-0.088672,0.500000,-0.203832,-0.007048,65598.000000,
221.000000,-0.349066,-0.089391,0.500000,-0.203832,-0.007138,65600.000000,
222.000000,-0.349066,-0.090110,0.500000,-0.210676,-0.007228,65603.000000,
223.000000,-0.349066,-0.090829,0.500000,-0.210676,-0.007319,65606.000000,
224.000000,-0.349066,-0.091573,0.333333,-0.210676,-0.007410,65609.000000,
225.000000,-0.349066,-0.092317,0.333333,-0.210676,-0.007503,65613.000000,
226.000000,-0.349066,-0.093061,0.500000,-0.210676,-0.007596,65615.000000,
227.000000,-0.349066,-0.093805,0.500000,-0.210676,-0.007689,65618.000000,
228.000000,-0.349066,-0.094549,0.500000,-0.210676,-0.007784,65620.000000,
229.000000,-0.349066,-0.095293,0.500000,-0.210676,-0.007879,65623.000000,
230.000000,-0.349066,-0.096038,0.250000,-0.210676,-0.007975,65627.000000,
231.000000,-0.349066,-0.096782,0.250000,-0.210676,-0.008072,65632.000000,
232.000000,-0.349066,-0.097526,0.333333,-0.217297,-0.008170,65635.000000,
233.000000,-0.349066,-0.098270,0.500000,-0.217297,-0.008268,65638.000000,
234.000000,-0.349066,-0.099038,0.333333,-0.217297,-0.008367,65641.000000,
235.000000,-0.349066,-0.099806,0.333333,-0.217297,-0.008467,65645.000000,
236.000000,-0.349066,-0.100574,0.500000,-0.217297,-0.008567,65647.000000,
237.000000,-0.349066,-0.101342,0.500000,-0.217297,-0.008669,65650.000000,
238.000000,-0.349066,-0.102110,0.500000,-0.217297,-0.008771,65653.000000,
239.000000,-0.349066,-0.102878,0.500000,-0.217297,-0.008874,65656.000000,
240.000000,-0.349066,-0.103646,0.333333,-0.217297,-0.008977,65659.000000,
241.000000,-0.349066,-0.104414,0.333333,-0.217297,-0.009082,65663.000000,
242.000000,-0.349066,-0.105182,0.333333,-0.223690,-0.009187,65666.000000,
243.000000,-0.349066,-0.105950,0.250000,-0.223690,-0.009293,65671.000000,
244.000000,-0.349066,-0.106742,0.250000,-0.223690,-0.009400,65676.000000,
245.000000,-0.349066,-0.107533,0.333333,-0.223690,-0.009507,65679.000000,
246.000000,-0.349066,-0.108324,0.250000,-0.223690,-0.009615,65684.000000,
247.000000,-0.349066,-0.109115,0.500000,-0.223690,-0.009725,65687.000000,
248.000000,-0.349066,-0.109907,0.500000,-0.223690,-0.009834,65689.000000,
249.000000,-0.349066,-0.110698,0.333333,-0.223690,-0.009945,65693.000000,
250.000000,-0.349066,-0.111489,0.250000,-0.223690,-0.010057,65697.000000,
251.000000,-0.349066,-0.112281,0.250000,-0.223690,-0.010169,65702.000000,
252.000000,-0.349066,-0.113072,0.333333,-0.223690,-0.010282,65705.000000,
253.000000,-0.349066,-0.113863,0.250000,-0.230441,-0.010396,65709.000000,
254.000000,-0.349066,-0.114655,0.333333,-0.230441,-0.010511,65713.000000,
255.000000,-0.349066,-0.115471,0.500000,-0.230441,-0.010626,65715.000000,
256.000000,-0.349066,-0.116287,0.500000,-0.230441,-0.010742,65718.000000,
257.000000,-0.349066,-0.117102,0.500000,-0.230441,-0.010859,65721.000000,
258.000000,-0.349066,-0.117918,0.500000,-0.230441,-0.010977,65724.000000,
259.000000,-0.349066,-0.118734,0.333333,-0.230441,-0.011096,65727.000000,
260.000000,-0.349066,-0.119550,0.500000,-0.230441,-0.011216,65730.000000,
261.000000,-0.349066,-0.120366,0.500000,-0.230441,-0.011336,65733.000000,
262.000000,-0.349066,-0.121182,0.500000,-0.230441,-0.011457,65735.000000,
263.000000,-0.349066,-0.121998,0.500000,-0.236335,-0.011579,65738.000000,
264.000000,-0.349066,-0.122814,0.500000,-0.236335,-0.011702,65740.000000,
265.000000,-0.349066,-0.123651,0.333333,-0.236335,-0.011826,65744.000000,
266.000000,-0.349066,-0.124489,0.500000,-0.236335,-0.011950,65746.000000,
267.000000,-0.349066,-0.125326,0.500000,-0.236335,-0.012075,65749.000000,
268.000000,-0.349066,-0.126164,0.500000,-0.236335,-0.012202,65752.000000,
269.000000,-0.349066,-0.127001,0.500000,-0.236335,-0.012329,65755.000000,
270.000000,-0.349066,-0.127839,0.500000,-0.236335,-0.012456,65757.000000,
271.000000,-0.349066,-0.128676,0.333333,-0.236335,-0.012585,65761.000000,
272.000000,-0.349066,-0.129514,0.333333,-0.236335,-0.012715,65764.000000,
273.000000,-0.349066,-0.130351,0.500000,-0.241982,-0.012845,65767.000000,
274.000000,-0.349066,-0.131189,0.500000,-0.241982,-0.012976,65769.000000,
275.000000,-0.349066,-0.132047,0.500000,-0.241982,-0.013108,65772.000000,
276.000000,-0.349066,-0.132905,0.500000,-0.241982,-0.013241,65775.000000,
277.000000,-0.349066,-0.133763,0.333333,-0.241982,-0.013375,65779.000000,
278.000000,-0.349066,-0.134621,0.500000,-0.241982,-0.013509,65781.000000,
279.000000,-0.349066,-0.135479,0.500000,-0.241982,-0.013645,65784.000000,
280.000000,-0.349066,-0.136337,0.500000,-0.241982,-0.013781,65787.000000,
281.000000,-0.349066,-0.137195,0.500000,-0.241982,-0.013918,65789.000000,
282.000000,-0.349066,-0.138054,0.333333,-0.241982,-0.014057,65793.000000,
283.000000,-0.349066,-0.138912,0.333333,-0.247378,-0.014195,65796.000000,
284.000000,-0.349066,-0.139770,0.500000,-0.247378,-0.014335,65799.000000,
285.000000,-0.349066,-0.140648,0.500000,-0.247378,-0.014476,65801.000000,
286.000000,-0.349066,-0.141526,0.500000,-0.247378,-0.014617,65804.000000,
287.000000,-0.349066,-0.142404,0.500000,-0.247378,-0.014760,65806.000000,
288.000000,-0.349066,-0.143282,0.333333,-0.247378,-0.014903,65810.000000,
289.000000,-0.349066,-0.144160,0.500000,-0.247378,-0.015047,65813.000000,
290.000000,-0.349066,-0.145037,0.500000,-0.247378,-0.015192,65816.000000,
291.000000,-0.349066,-0.145915,0.500000,-0.247378,-0.015338,65818.000000,
292.000000,-0.349066,-0.146793,0.500000,-0.247378,-0.015485,65821.000000,
293.000000,-0.349066,-0.147671,0.500000,-0.252517,-0.015633,65824.000000,
294.000000,-0.349066,-0.148549,0.250000,-0.252517,-0.015781,65828.000000,
295.000000,-0.349066,-0.149446,0.500000,-0.252517,-0.015931,65831.000000,
296.000000,-0.349066,-0.150343,0.500000,-0.252517,-0.016081,65834.000000,
297.000000,-0.349066,-0.151240,0.500000,-0.252517,-0.016232,65836.000000,
298.000000,-0.349066,-0.152136,0.500000,-0.252517,-0.016384,65839.000000,
299.000000,-0.349066,-0.153033,0.333333,-0.252517,-0.016537,65843.000000,
300.000000,-0.349066,-0.153930,0.500000,-0.252517,-0.016691,65846.000000,
301.000000,-0.349066,-0.154827,0.500000,-0.252517,-0.016846,65849.000000,
302.000000,-0.349066,-0.155724,0.500000,-0.252517,-0.017002,65851.000000,
303.000000,-0.349066,-0.156621,0.500000,-0.257394,-0.017159,65854.000000,
304.000000,-0.349066,-0.157517,0.500000,-0.257394,-0.017316,65857.000000,
305.000000,-0.349066,-0.158432,0.333333,-0.257394,-0.017474,65861.000000,
306.000000,-0.349066,-0.159347,0.333333,-0.257394,-0.017634,65864.000000,
307.000000,-0.349066,-0.160262,0.333333,-0.257394,-0.017794,65867.000000,
308.000000,-0.349066,-0.161176,0.333333,-0.257394,-0.017955,65871.000000,
309.000000,-0.349066,-0.162091,0.333333,-0.257394,-0.018117,65874.000000,
310.000000,-0.349066,-0.163006,0.250000,-0.257394,-0.018280,65878.000000,
311.000000,-0.349066,-0.163921,0.500000,-0.257394,-0.018444,65881.000000,
312.000000,-0.349066,-0.164835,0.500000,-0.257394,-0.018609,65883.000000,
313.000000,-0.349066,-0.165750,0.500000,-0.262005,-0.018775,65886.000000,
314.000000,-0.349066,-0.166665,0.500000,-0.262005,-0.018942,65889.000000,
315.000000,-0.349066,-0.167597,0.500000,-0.262005,-0.019109,65892.000000,
316.000000,-0.349066,-0.168529,0.333333,-0.262005,-0.019278,65895.000000,
317.000000,-0.349066,-0.169460,0.500000,-0.262005,-0.019447,65898.000000,
318.000000,-0.349066,-0.170392,0.500000,-0.262005,-0.019617,65901.000000,
319.000000,-0.349066,-0.171324,0.500000,-0.262005,-0.019789,65904.000000,
320.000000,-0.349066,-0.172256,0.500000,-0.262005,-0.019961,65906.000000,
321.000000,-0.349066,-0.173188,0.250000,-0.262005,-0.020134,65910.000000,
322.000000,-0.349066,-0.174119,0.500000,-0.262005,-0.020308,65913.000000,
323.000000,-0.349066,-0.175051,0.500000,-0.266345,-0.020483,65916.000000,
324.000000,-0.349066,-0.175983,0.500000,-0.266345,-0.020659,65919.000000,
325.000000,-0.349066,-0.176931,0.500000,-0.266345,-0.020836,65922.000000,
326.000000,-0.349066,-0.177878,0.500000,-0.266345,-0.021014,65924.000000,
327.000000,-0.349066,-0.178826,0.333333,-0.266345,-0.021193,65928.000000,
328.000000,-0.349066,-0.179774,0.500000,-0.266345,-0.021373,65931.000000,
329.000000,-0.349066,-0.180722,0.500000,-0.266345,-0.021554,65933.000000,
330.000000,-0.349066,-0.181670,0.500000,-0.266345,-0.021735,65936.000000,
331.000000,-0.349066,-0.182618,0.500000,-0.266345,-0.021918,65939.000000,
332.000000,-0.349066,-0.183565,0.333333,-0.266345,-0.022101,65942.000000,
333.000000,-0.349066,-0.184513,0.500000,-0.270411,-0.022286,65945.000000,
334.000000,-0.349066,-0.185461,0.500000,-0.270411,-0.022471,65948.000000,
335.000000,-0.349066,-0.186424,0.500000,-0.270411,-0.022658,65950.000000,
336.000000,-0.349066,-0.187387,0.500000,-0.270411,-0.022845,65953.000000,
337.000000,-0.349066,-0.188350,0.500000,-0.270411,-0.023034,65956.000000,
338.000000,-0.349066,-0.189312,0.333333,-0.270411,-0.023223,65959.000000,
339.000000,-0.349066,-0.190275,0.500000,-0.270411,-0.023413,65962.000000,
340.000000,-0.349066,-0.191238,0.500000,-0.270411,-0.023604,65965.000000,
341.000000,-0.349066,-0.192201,0.500000,-0.270411,-0.023797,65968.000000,
342.000000,-0.349066,-0.193164,0.500000,-0.270411,-0.023990,65970.000000,
343.000000,-0.349066,-0.194127,0.500000,-0.274199,-0.024184,65973.000000,
344.000000,-0.349066,-0.195090,0.250000,-0.274199,-0.024379,65977.000000,
345.000000,-0.349066,-0.196067,0.500000,-0.274199,-0.024575,65980.000000,
346.000000,-0.349066,-0.197043,0.500000,-0.274199,-0.024772,65982.000000,
347.000000,-0.349066,-0.198020,0.500000,-0.274199,-0.024970,65985.000000,
348.000000,-0.349066,-0.198997,0.500000,-0.274199,-0.025169,65988.000000,
349.000000,-0.349066,-0.199974,0.500000,-0.274199,-0.025369,65991.000000,
350.000000,-0.349066,-0.200951,0.333333,-0.274199,-0.025570,65995.000000,
351.000000,-0.349066,-0.201928,0.500000,-0.274199,-0.025772,65997.000000,
352.000000,-0.349066,-0.202905,0.500000,-0.274199,-0.025975,66000.000000,
353.000000,-0.349066,-0.203882,0.500000,-0.277705,-0.026179,66003.000000,
354.000000,-0.349066,-0.204859,0.500000,-0.277705,-0.026384,66005.000000,
355.000000,-0.349066,-0.205849,0.500000,-0.277705,-0.026589,66008.000000,
356.000000,-0.349066,-0.206838,0.250000,-0.277705,-0.026796,66013.000000,
357.000000,-0.349066,-0.207828,0.333333,-0.277705,-0.027004,66016.000000,
358.000000,-0.349066,-0.208818,0.500000,-0.277705,-0.027213,66019.000000,
359.000000,-0.349066,-0.209808,0.500000,-0.277705,-0.027423,66022.000000,
360.000000,-0.349066,-0.210798,0.500000,-0.277705,-0.027634,66024.000000,
361.000000,-0.349066,-0.211788,0.333333,-0.277705,-0.027845,66028.000000,
362.000000,-0.349066,-0.212778,0.500000,-0.277705,-0.028058,66031.000000,
363.000000,-0.349066,-0.213768,0.500000,-0.280927,-0.028272,66033.000000,
364.000000,-0.349066,-0.214758,0.500000,-0.280927,-0.028487,66036.000000,
365.000000,-0.349066,-0.215760,0.500000,-0.280927,-0.028702,66039.000000,
366.000000,-0.349066,-0.216762,0.500000,-0.280927,-0.028919,66041.000000,
367.000000,-0.349066,-0.217763,0.333333,-0.280927,-0.029137,66045.000000,
368.000000,-0.349066,-0.218765,0.333333,-0.280927,-0.029356,66048.000000,
369.000000,-0.349066,-0.219767,0.500000,-0.280927,-0.029575,66051.000000,
370.000000,-0.349066,-0.220769,0.500000,-0.280927,-0.029796,66054.000000,
371.000000,-0.349066,-0.221771,0.500000,-0.280927,-0.030018,66056.000000,
372.000000,-0.349066,-0.222773,0.250000,-0.280927,-0.030241,66060.000000,
373.000000,-0.349066,-0.223775,0.500000,-0.283861,-0.030464,66063.000000,
374.000000,-0.349066,-0.224777,0.500000,-0.283861,-0.030689,66066.000000,
375.000000,-0.349066,-0.225789,0.333333,-0.283861,-0.030915,66069.000000,
376.000000,-0.349066,-0.226802,0.333333,-0.283861,-0.031142,66072.000000,
377.000000,-0.349066,-0.227815,0.250000,-0.283861,-0.031370,66077.000000,
378.000000,-0.349066,-0.228828,0.500000,-0.283861,-0.031599,66080.000000,
379.000000,-0.349066,-0.229841,0.500000,-0.283861,-0.031828,66082.000000,
380.000000,-0.349066,-0.230853,0.500000,-0.283861,-0.032059,66085.000000,
381.000000,-0.349066,-0.231866,0.500000,-0.283861,-0.032291,66088.000000,
382.000000,-0.349066,-0.232879,0.500000,-0.283861,-0.032524,66090.000000,
383.000000,-0.349066,-0.233892,0.250000,-0.286506,-0.032758,66095.000000,
384.000000,-0.349066,-0.234905,0.500000,-0.286506,-0.032993,66098.000000,
385.000000,-0.349066,-0.235927,0.500000,-0.286506,-0.033229,66100.000000,
386.000000,-0.349066,-0.236950,0.500000,-0.286506,-0.033466,66103.000000,
387.000000,-0.349066,-0.237973,0.500000,-0.286506,-0.033704,66106.000000,
388.000000,-0.349066,-0.238995,0.250000,-0.286506,-0.033943,66110.000000,
389.000000,-0.349066,-0.240018,0.500000,-0.286506,-0.034183,66113.000000,
390.000000,-0.349066,-0.241040,0.500000,-0.286506,-0.034424,66116.000000,
391.000000,-0.349066,-0.242063,0.500000,-0.286506,-0.034666,66119.000000,
392.000000,-0.349066,-0.243086,0.500000,-0.286506,-0.034909,66122.000000,
393.000000,-0.349066,-0.244108,0.500000,-0.288858,-0.035153,66124.000000,
394.000000,-0.349066,-0.245131,0.333333,-0.288858,-0.035398,66128.000000,
395.000000,-0.349066,-0.246162,0.500000,-0.288858,-0.035644,66131.000000,
396.000000,-0.349066,-0.247194,0.500000,-0.288858,-0.035891,66134.000000,
397.000000,-0.349066,-0.248225,0.500000,-0.288858,-0.036140,66136.000000,
398.000000,-0.349066,-0.249257,0.333333,-0.288858,-0.036389,66140.000000,
399.000000,-0.349066,-0.250288,0.333333,-0.288858,-0.036639,66143.000000,
400.000000,-0.349066,-0.251320,0.500000,-0.288858,-0.036890,66146.000000,
401.000000,-0.349066,-0.252351,0.500000,-0.288858,-0.037143,66148.000000,
402.000000,-0.349066,-0.253382,0.500000,-0.288858,-0.037396,66151.000000,
403.000000,-0.349066,-0.254414,0.500000,-0.290917,-0.037651,66153.000000,
404.000000,-0.349066,-0.255445,0.500000,-0.290917,-0.037906,66156.000000,
405.000000,-0.349066,-0.256484,0.333333,-0.290917,-0.038163,66159.000000,
406.000000,-0.349066,-0.257523,0.500000,-0.290917,-0.038420,66162.000000,
407.000000,-0.349066,-0.258563,0.500000,-0.290917,-0.038679,66165.000000,
408.000000,-0.349066,-0.259602,0.500000,-0.290917,-0.038938,66167.000000,
409.000000,-0.349066,-0.260641,0.500000,-0.290917,-0.039199,66170.000000,
410.000000,-0.349066,-0.261680,0.500000,-0.290917,-0.039461,66172.000000,
411.000000,-0.349066,-0.262719,0.500000,-0.290917,-0.039723,66175.000000,
412.000000,-0.349066,-0.263758,0.333333,-0.290917,-0.039987,66178.000000,
413.000000,-0.349066,-0.264797,0.500000,-0.292680,-0.040252,66181.000000,
414.000000,-0.349066,-0.265836,0.500000,-0.292680,-0.040518,66184.000000,
415.000000,-0.349066,-0.266882,0.500000,-0.292680,-0.040785,66186.000000,
416.000000,-0.349066,-0.267928,0.500000,-0.292680,-0.041052,66189.000000,
417.000000,-0.349066,-0.268973,0.500000,-0.292680,-0.041321,66191.000000,
418.000000,-0.349066,-0.270019,0.333333,-0.292680,-0.041591,66195.000000,
419.000000,-0.349066,-0.271065,0.500000,-0.292680,-0.041863,66197.000000,
420.000000,-0.349066,-0.272110,0.500000,-0.292680,-0.042135,66200.000000,
421.000000,-0.349066,-0.273156,0.500000,-0.292680,-0.042408,66203.000000,
422.000000,-0.349066,-0.274202,0.500000,-0.292680,-0.042682,66205.000000,
423.000000,-0.349066,-0.275247,0.500000,-0.294146,-0.042957,66208.000000,
424.000000,-0.349066,-0.276293,0.333333,-0.294146,-0.043234,66212.000000,
425.000000,-0.349066,-0.277344,0.500000,-0.294146,-0.043511,66214.000000,
426.000000,-0.349066,-0.278396,0.500000,-0.294146,-0.043789,66217.000000,
427.000000,-0.349066,-0.279447,0.500000,-0.294146,-0.044069,66219.000000,
428.000000,-0.349066,-0.280498,0.500000,-0.294146,-0.044349,66222.000000,
429.000000,-0.349066,-0.281549,0.500000,-0.294146,-0.044631,66224.000000,
430.000000,-0.349066,-0.282600,0.333333,-0.294146,-0.044913,66228.000000,
431.000000,-0.349066,-0.283651,0.500000,-0.294146,-0.045197,66231.000000,
432.000000,-0.349066,-0.284703,0.500000,-0.294146,-0.045482,66233.000000,
433.000000,-0.349066,-0.285754,0.500000,-0.295315,-0.045767,66236.000000,
434.000000,-0.349066,-0.286805,0.500000,-0.295315,-0.046054,66238.000000,
435.000000,-0.349066,-0.287860,0.500000,-0.295315,-0.046342,66241.000000,
436.000000,-0.349066,-0.288916,0.250000,-0.295315,-0.046631,66245.000000,
437.000000,-0.349066,-0.289972,0.500000,-0.295315,-0.046921,66248.000000,
438.000000,-0.349066,-0.291027,0.500000,-0.295315,-0.047212,66250.000000,
439.000000,-0.349066,-0.292083,0.500000,-0.295315,-0.047504,66253.000000,
440.000000,-0.349066,-0.293138,0.500000,-0.295315,-0.047797,66255.000000,
441.000000,-0.349066,-0.294194,0.500000,-0.295315,-0.048091,66258.000000,
442.000000,-0.349066,-0.295249,0.333333,-0.295315,-0.048387,66262.000000,
443.000000,-0.349066,-0.296305,0.500000,-0.296186,-0.048683,66264.000000,
444.000000,-0.349066,-0.297360,0.500000,-0.296186,-0.048980,66267.000000,
445.000000,-0.349066,-0.298419,0.500000,-0.296186,-0.049279,66270.000000,
446.000000,-0.349066,-0.299478,0.500000,-0.296186,-0.049578,66273.000000,
447.000000,-0.349066,-0.300537,0.250000,-0.296186,-0.049879,66277.000000,
448.000000,-0.349066,-0.301596,0.500000,-0.296186,-0.050180,66280.000000,
449.000000,-0.349066,-0.302654,0.500000,-0.296186,-0.050483,66282.000000,
450.000000,-0.349066,-0.303713,0.500000,-0.296186,-0.050787,66285.000000,
451.000000,-0.349066,-0.304772,0.500000,-0.296186,-0.051092,66287.000000,
452.000000,-0.349066,-0.305831,0.500000,-0.296186,-0.051397,66290.000000,
453.000000,-0.349066,-0.306890,0.250000,-0.296758,-0.051704,66294.000000,
454.000000,-0.349066,-0.307949,0.500000,-0.296758,-0.052012,66297.000000,
455.000000,-0.349066,-0.309009,0.500000,-0.296758,-0.052321,66300.000000,
456.000000,-0.349066,-0.310070,0.500000,-0.296758,-0.052631,66302.000000,
457.000000,-0.349066,-0.311131,0.500000,-0.296758,-0.052942,66305.000000,
458.000000,-0.349066,-0.312192,0.333333,-0.296758,-0.053255,66308.000000,
459.000000,-0.349066,-0.313253,0.333333,-0.296758,-0.053568,66312.000000,
460.000000,-0.349066,-0.314314,0.500000,-0.296758,-0.053882,66314.000000,
461.000000,-0.349066,-0.315375,0.500000,-0.296758,-0.054198,66317.000000,
462.000000,-0.349066,-0.316436,0.500000,-0.296758,-0.054514,66319.000000,
463.000000,-0.349066,-0.317497,0.333333,-0.297031,-0.054832,66323.000000,
464.000000,-0.349066,-0.318558,0.333333,-0.297031,-0.055150,66327.000000,
465.000000,-0.349066,-0.319620,0.500000,-0.297031,-0.055470,66330.000000,
466.000000,-0.349066,-0.320682,0.500000,-0.297031,-0.055790,66332.000000,
467.000000,-0.349066,-0.321744,0.500000,-0.297031,-0.056112,66335.000000,
468.000000,-0.349066,-0.322806,0.500000,-0.297031,-0.056435,66338.000000,
469.000000,-0.349066,-0.323868,0.500000,-0.297031,-0.056759,66340.000000,
470.000000,-0.349066,-0.324930,0.333333,-0.297031,-0.057084,66344.000000,
471.000000,-0.349066,-0.325992,0.500000,-0.297031,-0.057410,66347.000000,
472.000000,-0.349066,-0.327054,0.500000,-0.297031,-0.057737,66349.000000,
473.000000,-0.349066,-0.328116,0.500000,-0.297006,-0.058065,66352.000000,
474.000000,-0.349066,-0.329178,0.500000,-0.297006,-0.058394,66355.000000,
475.000000,-0.349066,-0.330240,0.500000,-0.297006,-0.058724,66357.000000,
476.000000,-0.349066,-0.331302,0.250000,-0.297006,-0.059056,66362.000000,
477.000000,-0.349066,-0.332364,0.333333,-0.297006,-0.059388,66365.000000,
478.000000,-0.349066,-0.333426,0.500000,-0.297006,-0.059721,66368.000000,
479.000000,-0.349066,-0.334488,0.500000,-0.297006,-0.060056,66371.000000,
480.000000,-0.349066,-0.335550,0.500000,-0.297006,-0.060391,66373.000000,
481.000000,-0.349066,-0.336612,0.333333,-0.297006,-0.060728,66377.000000,
482.000000,-0.349066,-0.337673,0.500000,-0.297006,-0.061066,66380.000000,
483.000000,-0.349066,-0.338735,0.500000,-0.296684,-0.061404,66383.000000,
484.000000,-0.349066,-0.339797,0.250000,-0.296684,-0.061744,66387.000000,
485.000000,-0.349066,-0.340858,0.500000,-0.296684,-0.062085,66390.000000,
486.000000,-0.349066,-0.341919,0.333333,-0.296684,-0.062427,66393.000000,
487.000000,-0.349066,-0.342979,0.500000,-0.296684,-0.062770,66396.000000,
488.000000,-0.349066,-0.344040,0.333333,-0.296684,-0.063114,66399.000000,
489.000000,-0.349066,-0.345101,0.500000,-0.296684,-0.063459,66402.000000,
490.000000,-0.349066,-0.346162,0.500000,-0.296684,-0.063805,66404.000000,
491.000000,-0.349066,-0.347222,0.500000,-0.296684,-0.064153,66407.000000,
492.000000,-0.349066,-0.348283,0.500000,-0.296684,-0.064501,66410.000000,
493.000000,-0.349066,-0.349344,0.500000,-0.296065,-0.064850,66413.000000,
494.000000,-0.349066,-0.350405,0.500000,-0.296065,-0.065201,66415.000000,
495.000000,-0.349066,-0.351463,0.500000,-0.296065,-0.065552,66418.000000,
496.000000,-0.349066,-0.352521,0.500000,-0.296065,-0.065905,66421.000000,
497.000000,-0.349066,-0.353580,0.500000,-0.296065,-0.066258,66423.000000,
498.000000,-0.349066,-0.354638,0.333333,-0.296065,-0.066613,66427.000000,
499.000000,-0.349066,-0.355697,0.500000,-0.296065,-0.066968,66430.000000,
500.000000,-0.349066,-0.356755,0.500000,-0.296065,-0.067325,66433.000000,
501.000000,-0.349066,-0.357814,0.500000,-0.296065,-0.067683,66436.000000,
502.000000,-0.349066,-0.358872,0.500000,-0.296065,-0.068042,66438.000000,
503.000000,-0.349066,-0.359930,0.500000,-0.296065,-0.068402,66441.000000,
504.000000,-0.349066,-0.360989,0.250000,-0.295026,-0.068763,66446.000000,
505.000000,-0.349066,-0.362047,0.500000,-0.295026,-0.069125,66449.000000,
506.000000,-0.349066,-0.363102,0.500000,-0.295026,-0.069488,66451.000000,
507.000000,-0.349066,-0.364156,0.500000,-0.295026,-0.069852,66454.000000,
508.000000,-0.349066,-0.365211,0.500000,-0.295026,-0.070217,66457.000000,
509.000000,-0.349066,-0.366266,0.333333,-0.295026,-0.070584,66461.000000,
510.000000,-0.349066,-0.367320,0.500000,-0.295026,-0.070951,66463.000000,
511.000000,-0.349066,-0.368375,0.500000,-0.295026,-0.071319,66466.000000,
512.000000,-0.349066,-0.369429,0.500000,-0.295026,-0.071689,66469.000000,
513.000000,-0.349066,-0.370484,0.333333,-0.295026,-0.072059,66473.000000,
514.000000,-0.349066,-0.371538,0.250000,-0.293789,-0.072431,66477.000000,
515.000000,-0.349066,-0.372593,0.250000,-0.293789,-0.072803,66481.000000,
516.000000,-0.349066,-0.373643,0.500000,-0.293789,-0.073177,66484.000000,
517.000000,-0.349066,-0.374693,0.500000,-0.293789,-0.073552,66486.000000,
518.000000,-0.349066,-0.375743,0.333333,-0.293789,-0.073927,66490.000000,
519.000000,-0.349066,-0.376793,0.200000,-0.293789,-0.074304,66495.000000,
520.000000,-0.349066,-0.377843,0.500000,-0.293789,-0.074682,66498.000000,
521.000000,-0.349066,-0.378893,0.500000,-0.293789,-0.075061,66501.000000,
522.000000,-0.349066,-0.379943,0.500000,-0.293789,-0.075441,66503.000000,
523.000000,-0.349066,-0.380993,0.333333,-0.293789,-0.075822,66507.000000,
524.000000,-0.349066,-0.382043,0.333333,-0.292259,-0.076204,66510.000000,
525.000000,-0.349066,-0.383093,0.500000,-0.292259,-0.076587,66513.000000,
526.000000,-0.349066,-0.384137,0.500000,-0.292259,-0.076971,66516.000000,
527.000000,-0.349066,-0.385181,0.500000,-0.292259,-0.077356,66519.000000,
528.000000,-0.349066,-0.386225,0.500000,-0.292259,-0.077743,66522.000000,
529.000000,-0.349066,-0.387270,0.500000,-0.292259,-0.078130,66524.000000,
530.000000,-0.349066,-0.388314,0.333333,-0.292259,-0.078518,66528.000000,
531.000000,-0.349066,-0.389358,0.500000,-0.292259,-0.078908,66531.000000,
532.000000,-0.349066,-0.390402,0.500000,-0.292259,-0.079298,66534.000000,
533.000000,-0.349066,-0.391447,0.333333,-0.292259,-0.079689,66538.000000,
534.000000,-0.349066,-0.392491,0.250000,-0.290441,-0.080082,66542.000000,
535.000000,-0.349066,-0.393535,0.333333,-0.290441,-0.080475,66546.000000,
536.000000,-0.349066,-0.394573,0.500000,-0.290441,-0.080870,66549.000000,
537.000000,-0.349066,-0.395610,0.500000,-0.290441,-0.081266,66551.000000,
538.000000,-0.349066,-0.396648,0.500000,-0.290441,-0.081662,66554.000000,
539.000000,-0.349066,-0.397685,0.500000,-0.290441,-0.082060,66557.000000,
540.000000,-0.349066,-0.398723,0.333333,-0.290441,-0.082459,66561.000000,
541.000000,-0.349066,-0.399760,0.500000,-0.290441,-0.082858,66564.000000,
542.000000,-0.349066,-0.400798,0.333333,-0.290441,-0.083259,66567.000000,
543.000000,-0.349066,-0.401835,0.333333,-0.290441,-0.083661,66570.000000,
544.000000,-0.349066,-0.402873,0.500000,-0.288335,-0.084064,66573.000000,
545.000000,-0.349066,-0.403910,0.333333,-0.288335,-0.084468,66576.000000,
546.000000,-0.349066,-0.404940,0.500000,-0.288335,-0.084873,66579.000000,
547.000000,-0.349066,-0.405970,0.333333,-0.288335,-0.085279,66582.000000,
548.000000,-0.349066,-0.406999,0.500000,-0.288335,-0.085686,66585.000000,
549.000000,-0.349066,-0.408029,0.500000,-0.288335,-0.086094,66588.000000,
550.000000,-0.349066,-0.409059,0.500000,-0.288335,-0.086503,66591.000000,
551.000000,-0.349066,-0.410088,0.250000,-0.288335,-0.086913,66595.000000,
552.000000,-0.349066,-0.411118,0.500000,-0.288335,-0.087324,66598.000000,
553.000000,-0.349066,-0.412148,0.500000,-0.288335,-0.087736,66601.000000,
554.000000,-0.349066,-0.413177,0.500000,-0.285944,-0.088149,66603.000000,
555.000000,-0.349066,-0.414207,0.500000,-0.285944,-0.088564,66606.000000,
556.000000,-0.349066,-0.415228,0.333333,-0.285944,-0.088979,66610.000000,
557.000000,-0.349066,-0.416249,0.333333,-0.285944,-0.089395,66613.000000,
558.000000,-0.349066,-0.417269,0.500000,-0.285944,-0.089812,66616.000000,
559.000000,-0.349066,-0.418290,0.500000,-0.285944,-0.090231,66619.000000,
560.000000,-0.349066,-0.419311,0.500000,-0.285944,-0.090650,66622.000000,
561.000000,-0.349066,-0.420332,0.500000,-0.285944,-0.091070,66624.000000,
562.000000,-0.349066,-0.421353,0.200000,-0.285944,-0.091492,66629.000000,
563.000000,-0.349066,-0.422373,0.250000,-0.285944,-0.091914,66634.000000,
564.000000,-0.349066,-0.423394,0.250000,-0.283273,-0.092337,66638.000000,
565.000000,-0.349066,-0.424415,0.250000,-0.283273,-0.092762,66643.000000,
566.000000,-0.349066,-0.425426,0.333333,-0.283273,-0.093187,66646.000000,
567.000000,-0.349066,-0.426437,0.333333,-0.283273,-0.093614,66650.000000,
568.000000,-0.349066,-0.427447,0.333333,-0.283273,-0.094041,66653.000000,
569.000000,-0.349066,-0.428458,0.333333,-0.283273,-0.094470,66656.000000,
570.000000,-0.349066,-0.429469,0.250000,-0.283273,-0.094899,66661.000000,
571.000000,-0.349066,-0.430480,0.333333,-0.283273,-0.095329,66664.000000,
572.000000,-0.349066,-0.431491,0.500000,-0.283273,-0.095761,66667.000000,
573.000000,-0.349066,-0.432502,0.333333,-0.283273,-0.096193,66671.000000,
574.000000,-0.349066,-0.433513,0.200000,-0.280323,-0.096627,66676.000000,
575.000000,-0.349066,-0.434524,0.250000,-0.280323,-0.097061,66681.000000,
576.000000,-0.349066,-0.435523,0.250000,-0.280323,-0.097497,66685.000000,
577.000000,-0.349066,-0.436523,0.250000,-0.280323,-0.097934,66689.000000,
578.000000,-0.349066,-0.437523,0.250000,-0.280323,-0.098371,66694.000000,
579.000000,-0.349066,-0.438523,0.333333,-0.280323,-0.098810,66697.000000,
580.000000,-0.349066,-0.439523,0.333333,-0.280323,-0.099249,66701.000000,
581.000000,-0.349066,-0.440523,0.333333,-0.280323,-0.099690,66704.000000,
582.000000,-0.349066,-0.441523,0.250000,-0.280323,-0.100131,66708.000000,
583.000000,-0.349066,-0.442523,0.250000,-0.280323,-0.100574,66712.000000,
584.000000,-0.349066,-0.443523,0.333333,-0.277100,-0.101017,66715.000000,
585.000000,-0.349066,-0.444523,0.333333,-0.277100,-0.101462,66719.000000,
586.000000,-0.349066,-0.445511,0.333333,-0.277100,-0.101907,66723.000000,
587.000000,-0.349066,-0.446499,0.250000,-0.277100,-0.102354,66727.000000,
588.000000,-0.349066,-0.447487,0.500000,-0.277100,-0.102801,66730.000000,
589.000000,-0.349066,-0.448475,0.500000,-0.277100,-0.103250,66733.000000,
590.000000,-0.349066,-0.449463,0.500000,-0.277100,-0.103699,66736.000000,
591.000000,-0.349066,-0.450451,0.333333,-0.277100,-0.104150,66739.000000,
592.000000,-0.349066,-0.451439,0.500000,-0.277100,-0.104601,66742.000000,
593.000000,-0.349066,-0.452427,0.333333,-0.277100,-0.105053,66745.000000,
594.000000,-0.349066,-0.453415,0.333333,-0.273606,-0.105507,66749.000000,
595.000000,-0.349066,-0.454403,0.333333,-0.273606,-0.105961,66752.000000,
596.000000,-0.349066,-0.455378,0.500000,-0.273606,-0.106417,66755.000000,
597.000000,-0.349066,-0.456353,0.500000,-0.273606,-0.106873,66757.000000,
598.000000,-0.349066,-0.457328,0.333333,-0.273606,-0.107330,66761.000000,
599.000000,-0.349066,-0.458303,0.500000,-0.273606,-0.107789,66764.000000,
600.000000,-0.349066,-0.459278,0.500000,-0.273606,-0.108248,66767.000000,
601.000000,-0.349066,-0.460253,0.333333,-0.273606,-0.108708,66770.000000,
602.000000,-0.349066,-0.461228,0.500000,-0.273606,-0.109169,66773.000000,
603.000000,-0.349066,-0.462203,0.333333,-0.273606,-0.109632,66777.000000,
604.000000,-0.349066,-0.463178,0.333333,-0.269846,-0.110095,66780.000000,
605.000000,-0.349066,-0.464153,0.500000,-0.269846,-0.110559,66782.000000,
606.000000,-0.349066,-0.465114,0.333333,-0.269846,-0.111024,66786.000000,
607.000000,-0.349066,-0.466075,0.500000,-0.269846,-0.111490,66789.000000,
608.000000,-0.349066,-0.467036,0.500000,-0.269846,-0.111957,66791.000000,
609.000000,-0.349066,-0.467997,0.250000,-0.269846,-0.112425,66796.000000,
610.000000,-0.349066,-0.468958,0.333333,-0.269846,-0.112894,66799.000000,
611.000000,-0.349066,-0.469920,0.250000,-0.269846,-0.113364,66803.000000,
612.000000,-0.349066,-0.470881,0.333333,-0.269846,-0.113835,66806.000000,
613.000000,-0.349066,-0.471842,0.250000,-0.269846,-0.114307,66811.000000,
614.000000,-0.349066,-0.472803,0.500000,-0.265824,-0.114780,66814.000000,
615.000000,-0.349066,-0.473764,0.500000,-0.265824,-0.115253,66817.000000,
616.000000,-0.349066,-0.474710,0.500000,-0.265824,-0.115728,66819.000000,
617.000000,-0.349066,-0.475657,0.500000,-0.265824,-0.116204,66822.000000,
618.000000,-0.349066,-0.476603,0.333333,-0.265824,-0.116680,66826.000000,
619.000000,-0.349066,-0.477549,0.500000,-0.265824,-0.117158,66829.000000,
620.000000,-0.349066,-0.478495,0.333333,-0.265824,-0.117636,66832.000000,
621.000000,-0.349066,-0.479442,0.500000,-0.265824,-0.118116,66835.000000,
622.000000,-0.349066,-0.480388,0.500000,-0.265824,-0.118596,66838.000000,
623.000000,-0.349066,-0.481334,0.500000,-0.265824,-0.119078,66840.000000,
624.000000,-0.349066,-0.482281,0.250000,-0.261545,-0.119560,66845.000000,
625.000000,-0.349066,-0.483227,0.333333,-0.261545,-0.120043,66848.000000,
626.000000,-0.349066,-0.484157,0.333333,-0.261545,-0.120527,66851.000000,
627.000000,-0.349066,-0.485088,0.500000,-0.261545,-0.121012,66854.000000,
628.000000,-0.349066,-0.486018,0.500000,-0.261545,-0.121498,66857.000000,
629.000000,-0.349066,-0.486949,0.333333,-0.261545,-0.121985,66861.000000,
630.000000,-0.349066,-0.487879,0.333333,-0.261545,-0.122473,66864.000000,
631.000000,-0.349066,-0.488810,0.500000,-0.261545,-0.122962,66867.000000,
632.000000,-0.349066,-0.489740,0.500000,-0.261545,-0.123452,66870.000000,
633.000000,-0.349066,-0.490671,0.500000,-0.261545,-0.123942,66872.000000,
634.000000,-0.349066,-0.491601,0.250000,-0.257013,-0.124434,66877.000000,
635.000000,-0.349066,-0.492532,0.250000,-0.257013,-0.124926,66881.000000,
636.000000,-0.349066,-0.493446,0.250000,-0.257013,-0.125420,66886.000000,
637.000000,-0.349066,-0.494359,0.500000,-0.257013,-0.125914,66889.000000,
638.000000,-0.349066,-0.495273,0.333333,-0.257013,-0.126410,66892.000000,
639.000000,-0.349066,-0.496187,0.333333,-0.257013,-0.126906,66896.000000,
640.000000,-0.349066,-0.497101,0.500000,-0.257013,-0.127403,66898.000000,
641.000000,-0.349066,-0.498015,0.333333,-0.257013,-0.127901,66902.000000,
642.000000,-0.349066,-0.498928,0.500000,-0.257013,-0.128400,66905.000000,
643.000000,-0.349066,-0.499842,0.500000,-0.257013,-0.128900,66908.000000,
644.000000,-0.349066,-0.500756,0.250000,-0.252235,-0.129400,66912.000000,
645.000000,-0.349066,-0.501670,0.500000,-0.252235,-0.129902,66915.000000,
646.000000,-0.349066,-0.502566,0.500000,-0.252235,-0.130405,66918.000000,
647.000000,-0.349066,-0.503462,0.500000,-0.252235,-0.130908,66920.000000,
648.000000,-0.349066,-0.504358,0.500000,-0.252235,-0.131412,66923.000000,
649.000000,-0.349066,-0.505255,0.250000,-0.252235,-0.131918,66927.000000,
650.000000,-0.349066,-0.506151,0.500000,-0.252235,-0.132424,66930.000000,
651.000000,-0.349066,-0.507047,0.500000,-0.252235,-0.132931,66933.000000,
652.000000,-0.349066,-0.507943,0.500000,-0.252235,-0.133439,66936.000000,
653.000000,-0.349066,-0.508840,0.500000,-0.252235,-0.133948,66939.000000,
654.000000,-0.349066,-0.509736,0.333333,-0.247215,-0.134457,66942.000000,
655.000000,-0.349066,-0.510632,0.333333,-0.247215,-0.134968,66946.000000,
656.000000,-0.349066,-0.511510,0.500000,-0.247215,-0.135480,66948.000000,
657.000000,-0.349066,-0.512388,0.500000,-0.247215,-0.135992,66951.000000,
658.000000,-0.349066,-0.513266,0.500000,-0.247215,-0.136505,66954.000000,
659.000000,-0.349066,-0.514143,0.500000,-0.247215,-0.137019,66957.000000,
660.000000,-0.349066,-0.515021,0.333333,-0.247215,-0.137534,66960.000000,
661.000000,-0.349066,-0.515899,0.500000,-0.247215,-0.138050,66963.000000,
662.000000,-0.349066,-0.516777,0.500000,-0.247215,-0.138567,66965.000000,
663.000000,-0.349066,-0.517655,0.500000,-0.247215,-0.139085,66968.000000,
664.000000,-0.349066,-0.518532,0.500000,-0.241960,-0.139603,66971.000000,
665.000000,-0.349066,-0.519410,0.500000,-0.241960,-0.140123,