timestamp,rocket_x,rocket_y,rocket_ay,rocket_z,rocket_vx,rocket_vy,rocket_vz,rocket_ax,rocket_az,rocket_theta,rocket_phi,rocket_wy,rocket_psi,rocket_wx,rocket_wz,rocket_alphx,rocket_alphy,rocket_alphz,course_deviation,simSpeed,systemTime
5.000000,0.000000,0.000000,0.000000,0.000000,0.000000,0.000000,0.000000,0.000000,0.000000,-0.000000,0.000000,0.000000,0.000000,0.000000,0.000000,0.000000,0.000000,0.000000,0.000000,0.000000,27402.000000,
10.000000,0.000000,0.000000,0.000000,0.000000,0.000000,0.000000,0.000000,0.000000,0.000000,-0.000000,0.000000,0.000000,0.000000,0.000000,0.000000,0.000000,0.000000,0.000000,0.000000,0.004029,27473.000000,
15.000000,-0.000000,0.000125,5.000000,0.000000,0.000012,0.025000,0.000000,0.002475,0.000000,-0.000000,0.000000,0.000000,0.000000,0.000000,0.000003,0.000000,0.000000,0.000632,0.000000,0.833333,27479.000000,
20.000000,-0.000000,0.000375,5.000000,0.000000,0.000025,0.050000,0.000000,0.002475,0.000000,-0.000000,0.000000,0.000000,0.000000,0.000000,0.000006,0.000000,0.000000,0.000632,0.000000,1.000000,27485.000000,
25.000000,-0.000000,0.000750,5.000000,-0.000000,0.000037,0.075000,0.000000,0.002475,0.000003,0.000000,-0.000000,-0.000000,0.000000,-0.000000,0.000009,-0.000001,0.000000,0.000632,0.000000,1.000000,27490.000000,
30.000000,-0.000000,0.001250,5.000000,-0.000000,0.000061,0.100000,0.000000,0.004841,0.000003,0.000000,-0.000000,-0.000000,0.000000,-0.000000,0.000016,-0.000001,0.000000,0.001236,0.000000,1.250000,27495.000000,
35.000000,-0.000000,0.001875,5.000000,-0.000000,0.000086,0.125000,0.000000,0.004841,0.000015,0.000000,-0.000000,-0.000000,0.000000,-0.000000,0.000022,-0.000004,0.000000,0.001236,0.000000,0.555556,27505.000000,
40.000000,-0.000000,0.002625,4.999999,-0.000000,0.000119,0.150000,0.000000,0.006596,0.000015,0.000000,-0.000000,-0.000000,0.000000,-0.000000,0.000030,-0.000004,0.000000,0.001684,0.000000,1.000000,27510.000000,
45.000000,-0.000000,0.003500,4.999999,-0.000000,0.000151,0.175000,0.000000,0.006595,0.000036,0.000000,-0.000000,-0.000000,0.000001,-0.000000,0.000039,-0.000009,0.000000,0.001684,0.000000,0.714286,27518.000000,
50.000000,-0.000001,0.004500,4.999999,-0.000000,0.000184,0.200000,0.000001,0.006595,0.000036,0.000000,-0.000000,-0.000000,0.000001,-0.000000,0.000047,-0.000009,0.000000,0.001684,0.000001,0.833333,27524.000000,
55.000000,-0.000001,0.005625,4.999999,-0.000000,0.000232,0.225000,0.000001,0.009603,0.000036,0.000000,-0.000000,-0.000000,0.000001,-0.000000,0.000059,-0.000009,0.000000,0.002453,0.000001,0.833333,27531.000000,
60.000000,-0.000001,0.006875,4.999999,-0.000000,0.000280,0.250000,0.000001,0.009602,0.000087,0.000000,-0.000000,-0.000000,0.000002,-0.000000,0.000072,-0.000022,0.000000,0.002453,0.000001,1.000000,27537.000000,
65.000000,-0.000001,0.008250,4.999999,-0.000000,0.000328,0.275000,0.000002,0.009601,0.000087,0.000000,-0.000000,0.000000,0.000002,-0.000000,0.000084,-0.000022,0.000000,0.002453,0.000001,0.454545,27548.000000,
70.000000,-0.000001,0.009750,4.999998,-0.000000,0.000393,0.300000,0.000002,0.012992,0.000087,0.000000,-0.000000,0.000000,0.000002,-0.000001,0.000100,-0.000022,0.000000,0.003319,0.000001,1.250000,27553.000000,
75.000000,-0.000002,0.011375,4.999998,-0.000000,0.000458,0.325000,0.000003,0.012990,0.000171,0.000000,-0.000000,0.000000,0.000003,-0.000001,0.000117,-0.000044,0.000000,0.003319,0.000002,0.625000,27561.000000,
80.000000,-0.000002,0.013125,4.999997,-0.000000,0.000536,0.350000,0.000004,0.015420,0.000171,0.000000,-0.000000,0.000000,0.000004,-0.000001,0.000137,-0.000044,0.000000,0.003940,0.000002,0.833333,27568.000000,
85.000000,-0.000003,0.015000,4.999997,-0.000000,0.000613,0.375000,0.000005,0.015417,0.000249,0.000000,-0.000000,0.000000,0.000004,-0.000001,0.000156,-0.000064,0.000000,0.003941,0.000003,0.625000,27576.000000,
90.000000,-0.000003,0.017000,4.999996,-0.000000,0.000703,0.400000,0.000006,0.018019,0.000249,0.000000,-0.000000,0.000000,0.000005,-0.000002,0.000180,-0.000064,0.000000,0.004606,0.000003,1.000000,27582.000000,
95.000000,-0.000004,0.019125,4.999996,-0.000000,0.000793,0.425000,0.000008,0.018015,0.000348,0.000000,-0.000000,0.000000,0.000006,-0.000002,0.000203,-0.000089,0.000000,0.004606,0.000004,0.714286,27589.000000,
100.000000,-0.000004,0.021375,4.999995,-0.000000,0.000897,0.450000,0.000010,0.020787,0.000348,0.000000,-0.000000,0.000000,0.000008,-0.000002,0.000229,-0.000089,0.000000,0.005315,0.000004,1.000000,27594.000000,
105.000000,-0.000005,0.023750,4.999995,-0.000000,0.001001,0.475000,0.000012,0.020783,0.000470,0.000000,-0.000000,0.000000,0.000009,-0.000003,0.000256,-0.000120,0.000000,0.005315,0.000005,0.714286,27602.000000,
110.000000,-0.000006,0.026250,4.999993,-0.000000,0.001119,0.500000,0.000014,0.023726,0.000470,0.000000,-0.000000,0.000000,0.000010,-0.000004,0.000286,-0.000120,0.000000,0.006068,0.000006,0.714286,27609.000000,
115.000000,-0.000007,0.028875,4.999993,-0.000000,0.001238,0.525000,0.000018,0.023720,0.000620,0.000000,-0.000000,0.000000,0.000012,-0.000004,0.000316,-0.000159,0.000000,0.006068,0.000007,1.000000,27615.000000,
120.000000,-0.000008,0.031625,4.999991,-0.000000,0.001372,0.550000,0.000021,0.026835,0.000620,0.000000,-0.000000,0.000000,0.000014,-0.000005,0.000351,-0.000159,0.000000,0.006865,0.000008,0.714286,27622.000000,
125.000000,-0.000009,0.034500,4.999991,-0.000000,0.001506,0.575000,0.000025,0.026828,0.000802,0.000000,-0.000000,0.000000,0.000016,-0.000006,0.000385,-0.000205,0.000000,0.006866,0.000009,0.833333,27629.000000,
130.000000,-0.000010,0.037500,4.999989,-0.000000,0.001657,0.600000,0.000029,0.030115,0.000802,0.000000,-0.000000,0.000000,0.000018,-0.000007,0.000424,-0.000205,0.000000,0.007707,0.000010,0.833333,27635.000000,
135.000000,-0.000012,0.040625,4.999989,-0.000000,0.001807,0.625000,0.000033,0.030106,0.000801,0.000000,-0.000000,0.000000,0.000020,-0.000008,0.000462,-0.000205,0.000000,0.007707,0.000012,0.833333,27642.000000,
140.000000,-0.000013,0.043875,4.999989,-0.000000,0.001958,0.650000,0.000038,0.030096,0.001152,0.000000,-0.000000,0.000000,0.000022,-0.000010,0.000501,-0.000294,0.000000,0.007708,0.000013,1.000000,27647.000000,
145.000000,-0.000015,0.047250,4.999985,-0.000000,0.002135,0.674999,0.000044,0.035420,0.001152,0.000000,-0.000000,0.000000,0.000025,-0.000011,0.000546,-0.000294,0.000000,0.009070,0.000015,1.000000,27653.000000,
150.000000,-0.000017,0.050750,4.999985,-0.000000,0.002312,0.699999,0.000051,0.035409,0.001421,0.000000,-0.000000,0.000000,0.000028,-0.000013,0.000591,-0.000363,0.000000,0.009070,0.000017,0.714286,27661.000000,
155.000000,-0.000018,0.054375,4.999982,-0.000000,0.002508,0.724999,0.000058,0.039128,0.001421,0.000000,-0.000000,0.000000,0.000031,-0.000015,0.000641,-0.000363,0.000000,0.010024,0.000018,0.555556,27670.000000,
160.000000,-0.000020,0.058125,4.999982,-0.000000,0.002703,0.749999,0.000067,0.039114,0.001741,0.000000,-0.000001,0.000000,0.000035,-0.000017,0.000692,-0.000445,0.000000,0.010024,0.000020,0.833333,27676.000000,
165.000000,-0.000023,0.062000,4.999978,-0.000000,0.002918,0.774999,0.000076,0.043008,0.001741,0.000000,-0.000001,0.000000,0.000039,-0.000019,0.000747,-0.000445,0.000000,0.011022,0.000023,1.000000,27682.000000,
170.000000,-0.000025,0.066000,4.999979,-0.000000,0.003133,0.799999,0.000086,0.042992,0.002109,0.000000,-0.000001,0.000000,0.000043,-0.000022,0.000802,-0.000539,0.000000,0.011023,0.000025,0.833333,27688.000000,
175.000000,-0.000028,0.070125,4.999974,-0.000001,0.003368,0.824999,0.000097,0.047061,0.002108,0.000000,-0.000001,0.000000,0.000047,-0.000025,0.000862,-0.000539,0.000000,0.012066,0.000028,0.833333,27695.000000,
180.000000,-0.000030,0.074375,4.999975,-0.000001,0.003604,0.849999,0.000110,0.047041,0.002529,0.000000,-0.000001,0.000000,0.000051,-0.000028,0.000922,-0.000647,0.000000,0.012067,0.000030,1.250000,27699.000000,
185.000000,-0.000033,0.078750,4.999970,-0.000001,0.003860,0.874999,0.000122,0.051286,0.002529,0.000000,-0.000001,0.000000,0.000056,-0.000031,0.000988,-0.000647,0.000000,0.013156,0.000033,1.000000,27705.000000,
190.000000,-0.000036,0.083250,4.999971,-0.000001,0.004116,0.899998,0.000137,0.051264,0.003008,0.000000,-0.000001,0.000000,0.000062,-0.000035,0.001054,-0.000769,0.000000,0.013157,0.000036,1.250000,27710.000000,
195.000000,-0.000040,0.087875,4.999965,-0.000001,0.004395,0.924998,0.000152,0.055684,0.003007,0.000000,-0.000002,0.000000,0.000067,-0.000039,0.001126,-0.000769,0.000000,0.014292,0.000040,0.714286,27717.000000,
200.000000,-0.000043,0.092625,4.999966,-0.000001,0.004673,0.949998,0.000170,0.055659,0.003549,0.000000,-0.000002,0.000000,0.000073,-0.000043,0.001197,-0.000908,0.000000,0.014292,0.000043,0.833333,27724.000000,
205.000000,-0.000047,0.097500,4.999960,-0.000001,0.004974,0.974998,0.000188,0.060256,0.003549,0.000000,-0.000002,0.000000,0.000080,-0.000048,0.001274,-0.000908,0.000000,0.015473,0.000047,1.250000,27728.000000,
210.000000,-0.000051,0.102500,4.999961,-0.000001,0.005275,0.999998,0.000209,0.060228,0.004159,0.000000,-0.000002,0.000000,0.000086,-0.000053,0.001352,-0.001064,0.000000,0.015474,0.000051,1.250000,27733.000000,
215.000000,-0.000055,0.107625,4.999954,-0.000002,0.005601,1.024997,0.000229,0.065004,0.004158,0.000000,-0.000003,0.000000,0.000094,-0.000059,0.001435,-0.001064,0.000000,0.016701,0.000055,1.000000,27739.000000,
220.000000,-0.000060,0.112875,4.999955,-0.000002,0.005925,1.049997,0.000254,0.064971,0.004841,0.000000,-0.000003,0.000000,0.000101,-0.000065,0.001519,-0.001239,0.000000,0.016702,0.000060,1.250000,27743.000000,
225.000000,-0.000065,0.118250,4.999948,-0.000002,0.006275,1.074997,0.000278,0.069926,0.004840,0.000000,-0.000003,0.000000,0.000109,-0.000071,0.001609,-0.001239,0.000000,0.017976,0.000065,1.250000,27748.000000,
230.000000,-0.000070,0.123750,4.999949,-0.000002,0.006624,1.099997,0.000306,0.069890,0.005602,0.000000,-0.000004,0.000000,0.000118,-0.000078,0.001698,-0.001434,0.000000,0.017977,0.000070,1.250000,27752.000000,
235.000000,-0.000075,0.129375,4.999941,-0.000002,0.007000,1.124996,0.000334,0.075026,0.005600,0.000000,-0.000004,0.000000,0.000127,-0.000085,0.001795,-0.001434,0.000000,0.019299,0.000075,1.000000,27758.000000,
240.000000,-0.000081,0.135125,4.999943,-0.000003,0.007374,1.149996,0.000366,0.074985,0.006447,0.000000,-0.000005,0.000000,0.000136,-0.000094,0.001891,-0.001651,0.000000,0.019299,0.000081,1.000000,27763.000000,
245.000000,-0.000087,0.141000,4.999934,-0.000003,0.007776,1.174996,0.000398,0.080302,0.006445,0.000000,-0.000005,0.000000,0.000146,-0.000102,0.001995,-0.001651,0.000000,0.020669,0.000087,1.250000,27768.000000,
250.000000,-0.000093,0.147000,4.999936,-0.000003,0.008177,1.199995,0.000435,0.080256,0.007382,0.000000,-0.000006,0.000000,0.000157,-0.000111,0.002098,-0.001891,0.000000,0.020669,0.000093,0.833333,27774.000000,
255.000000,-0.000100,0.153125,4.999926,-0.000004,0.008606,1.224995,0.000472,0.085757,0.007380,0.000000,-0.000006,0.000000,0.000168,-0.000121,0.002209,-0.001891,0.000000,0.022087,0.000100,1.000000,27780.000000,
260.000000,-0.000107,0.159375,4.999928,-0.000004,0.009035,1.249995,0.000509,0.085706,0.007377,0.000000,-0.000007,0.000000,0.000179,-0.000130,0.002319,-0.001891,0.000000,0.022087,0.000107,0.384615,27793.000000,
265.000000,-0.000114,0.165750,4.999930,-0.000004,0.009463,1.274994,0.000554,0.085653,0.009001,0.000000,-0.000008,0.000000,0.000191,-0.000142,0.002429,-0.002306,0.000000,0.022088,0.000114,1.250000,27798.000000,
270.000000,-0.000122,0.172250,4.999914,-0.000005,0.009935,1.299994,0.000599,0.094345,0.008998,0.000000,-0.000008,0.000000,0.000204,-0.000153,0.002551,-0.002307,0.000000,0.024323,0.000122,1.250000,27802.000000,
275.000000,-0.000130,0.178875,4.999916,-0.000005,0.010406,1.324994,0.000650,0.094286,0.010178,0.000000,-0.000009,0.000000,0.000218,-0.000166,0.002673,-0.002609,0.000000,0.024323,0.000130,0.833333,27809.000000,
280.000000,-0.000139,0.185624,4.999905,-0.000006,0.010907,1.349993,0.000701,0.100252,0.010174,0.000000,-0.000010,0.000000,0.000232,-0.000179,0.002802,-0.002609,0.000000,0.025863,0.000139,0.277778,27827.000000,
285.000000,-0.000148,0.192499,4.999908,-0.000007,0.011408,1.374993,0.000758,0.100187,0.011477,0.000000,-0.000011,0.000000,0.000246,-0.000194,0.002931,-0.002942,0.000000,0.025864,0.000148,1.250000,27831.000000,
290.000000,-0.000157,0.199499,4.999896,-0.000007,0.011940,1.399992,0.000815,0.106341,0.011473,0.000000,-0.000012,0.000000,0.000262,-0.000209,0.003069,-0.002943,0.000000,0.027453,0.000157,1.666667,27835.000000,
295.000000,-0.000167,0.206624,4.999899,-0.000008,0.012471,1.424992,0.000880,0.106270,0.012892,0.000000,-0.000013,0.000000,0.000278,-0.000225,0.003206,-0.003306,0.000000,0.027454,0.000167,0.714286,27843.000000,
300.000000,-0.000177,0.213874,4.999886,-0.000009,0.013034,1.449991,0.000944,0.112615,0.012887,0.000000,-0.000014,0.000000,0.000294,-0.000242,0.003351,-0.003306,0.000000,0.029094,0.000177,1.250000,27847.000000,
305.000000,-0.000188,0.221249,4.999890,-0.000009,0.013597,1.474990,0.001016,0.112537,0.014433,0.000000,-0.000016,0.000000,0.000312,-0.000260,0.003497,-0.003702,0.000000,0.029095,0.000188,0.625000,27856.000000,
310.000000,-0.000199,0.228749,4.999876,-0.000010,0.014192,1.499990,0.001089,0.119075,0.014427,0.000000,-0.000017,0.000000,0.000330,-0.000279,0.003651,-0.003703,0.000000,0.030786,0.000199,0.833333,27862.000000,
315.000000,-0.000210,0.236374,4.999881,-0.000011,0.014787,1.524989,0.001169,0.118990,0.016107,0.000000,-0.000019,0.000000,0.000349,-0.000300,0.003805,-0.004133,0.000000,0.030787,0.000211,1.250000,27867.000000,
320.000000,-0.000223,0.244124,4.999866,-0.000012,0.015416,1.549989,0.001250,0.125723,0.016100,0.000000,-0.000020,0.000000,0.000369,-0.000320,0.003967,-0.004133,0.000000,0.032529,0.000223,1.000000,27873.000000,
325.000000,-0.000235,0.251999,4.999871,-0.000013,0.016044,1.574988,0.001339,0.125630,0.017920,0.000000,-0.000022,0.000000,0.000390,-0.000343,0.004130,-0.004600,0.000000,0.032531,0.000236,0.714286,27880.000000,
330.000000,-0.000249,0.259999,4.999856,-0.000014,0.016707,1.599987,0.001429,0.132561,0.017913,0.000000,-0.000024,0.000000,0.000411,-0.000366,0.004302,-0.004600,0.000000,0.034326,0.000249,0.454545,27891.000000,
335.000000,-0.000262,0.268124,4.999861,-0.000015,0.017369,1.624987,0.001528,0.132461,0.019882,0.000000,-0.000026,0.000000,0.000433,-0.000392,0.004473,-0.005105,0.000000,0.034327,0.000263,1.250000,27896.000000,
340.000000,-0.000277,0.276373,4.999845,-0.000017,0.018067,1.649986,0.001628,0.139592,0.019873,0.000000,-0.000028,0.000000,0.000457,-0.000417,0.004654,-0.005105,0.000000,0.036175,0.000277,1.250000,27900.000000,
345.000000,-0.000292,0.284748,4.999852,-0.000018,0.018765,1.674985,0.001738,0.139483,0.021999,0.000000,-0.000030,0.000000,0.000481,-0.000446,0.004835,-0.005651,0.000000,0.036177,0.000292,0.714286,27907.000000,
350.000000,-0.000307,0.293248,4.999835,-0.000019,0.019499,1.699984,0.001847,0.146817,0.021989,0.000000,-0.000032,0.000000,0.000506,-0.000474,0.005025,-0.005651,0.000000,0.038079,0.000308,1.250000,27912.000000,
355.000000,-0.000324,0.301873,4.999842,-0.000021,0.020232,1.724983,0.001969,0.146699,0.024280,0.000000,-0.000035,0.000000,0.000532,-0.000505,0.005216,-0.006239,0.000000,0.038080,0.000324,1.000000,27918.000000,
360.000000,-0.000340,0.310623,4.999824,-0.000022,0.021003,1.749982,0.002090,0.154239,0.024269,0.000000,-0.000038,0.000000,0.000559,-0.000536,0.005416,-0.006239,0.000000,0.040038,0.000341,0.833333,27924.000000,
365.000000,-0.000358,0.319498,4.999832,-0.000024,0.021774,1.774982,0.002224,0.154112,0.026733,0.000000,-0.000040,0.000000,0.000587,-0.000571,0.005616,-0.006871,0.000000,0.040039,0.000359,1.250000,27929.000000,
370.000000,-0.000376,0.328498,4.999814,-0.000026,0.022583,1.799981,0.002358,0.161862,0.026720,0.000000,-0.000044,0.000000,0.000616,-0.000605,0.005826,-0.006872,0.000000,0.042053,0.000377,0.714286,27937.000000,
375.000000,-0.000395,0.337622,4.999823,-0.000028,0.023392,1.824980,0.002504,0.161725,0.029366,0.000000,-0.000047,0.000000,0.000647,-0.000643,0.006037,-0.007551,0.000000,0.042054,0.000396,0.833333,27943.000000,
380.000000,-0.000415,0.346872,4.999804,-0.000030,0.024240,1.849979,0.002651,0.169687,0.029352,0.000000,-0.000050,0.000000,0.000678,-0.000680,0.006257,-0.007551,0.000000,0.044125,0.000416,0.625000,27951.000000,
385.000000,-0.000435,0.356247,4.999814,-0.000032,0.025088,1.874978,0.002812,0.169539,0.032189,0.000000,-0.000054,0.000000,0.000710,-0.000722,0.006478,-0.008280,0.000000,0.044126,0.000436,0.714286,27959.000000,
390.000000,-0.000456,0.365747,4.999794,-0.000034,0.025977,1.899977,0.002973,0.177718,0.032173,0.000000,-0.000058,0.000000,0.000744,-0.000763,0.006709,-0.008280,0.000000,0.046255,0.000457,0.555556,27968.000000,
395.000000,-0.000478,0.375372,4.999806,-0.000037,0.026864,1.924976,0.003149,0.177560,0.035210,0.000000,-0.000062,0.000000,0.000778,-0.000809,0.006941,-0.009060,0.000000,0.046256,0.000479,0.833333,27975.000000,
400.000000,-0.000500,0.385121,4.999785,-0.000040,0.027794,1.949975,0.003325,0.185958,0.035192,0.000000,-0.000066,0.000000,0.000814,-0.000854,0.007183,-0.009060,0.000000,0.048444,0.000502,1.250000,27979.000000,
405.000000,-0.000524,0.394996,4.999798,-0.000042,0.028723,1.974974,0.003517,0.185789,0.038438,0.000000,-0.000070,0.000000,0.000852,-0.000903,0.007425,-0.009895,0.000000,0.048446,0.000526,1.250000,27984.000000,
410.000000,-0.000548,0.404996,4.999777,-0.000045,0.029695,1.999973,0.003709,0.194411,0.038418,0.000000,-0.000075,0.000000,0.000890,-0.000953,0.007678,-0.009895,0.000000,0.050693,0.000550,1.250000,27989.000000,
415.000000,-0.000573,0.415120,4.999792,-0.000048,0.030666,2.024972,0.003919,0.194230,0.041884,0.000000,-0.000080,0.000000,0.000930,-0.001007,0.007932,-0.010786,0.000000,0.050695,0.000575,1.250000,27994.000000,
420.000000,-0.000599,0.425370,4.999770,-0.000051,0.031682,2.049971,0.004128,0.203081,0.041861,0.000000,-0.000085,0.000000,0.000971,-0.001061,0.008197,-0.010786,0.000000,0.053005,0.000601,1.250000,27998.000000,
425.000000,-0.000626,0.435745,4.999786,-0.000055,0.032696,2.074969,0.004356,0.202887,0.045556,0.000000,-0.000091,0.000000,0.001013,-0.001119,0.008462,-0.011736,0.000000,0.053006,0.000629,1.000000,28004.000000,
430.000000,-0.000654,0.446244,4.999764,-0.000058,0.033756,2.099968,0.004583,0.211972,0.045531,0.000000,-0.000097,0.000000,0.001057,-0.001178,0.008739,-0.011737,0.000000,0.055379,0.000657,1.000000,28010.000000,
435.000000,-0.000683,0.456869,4.999781,-0.000062,0.034815,2.124967,0.004831,0.211765,0.049466,0.000000,-0.000103,0.000000,0.001102,-0.001242,0.009016,-0.012749,0.000000,0.055380,0.000686,0.555556,28019.000000,
440.000000,-0.000713,0.467619,4.999759,-0.000066,0.035920,2.149966,0.005078,0.221088,0.049438,0.000000,-0.000110,0.000000,0.001148,-0.001305,0.009305,-0.012749,0.000000,0.057817,0.000716,0.833333,28026.000000,
445.000000,-0.000743,0.478493,4.999778,-0.000070,0.037025,2.174965,0.005346,0.220867,0.053623,0.000000,-0.000117,0.000000,0.001196,-0.001375,0.009594,-0.013826,0.000000,0.057819,0.000747,1.250000,28031.000000,
450.000000,-0.000775,0.489493,4.999756,-0.000075,0.038177,2.199964,0.005614,0.230433,0.053592,0.000000,-0.000124,0.000000,0.001246,-0.001444,0.009896,-0.013826,0.000000,0.060321,0.000779,1.250000,28035.000000,
455.000000,-0.000808,0.500617,4.999777,-0.000079,0.039328,2.224963,0.005904,0.230198,0.058037,0.000000,-0.000131,0.000000,0.001297,-0.001519,0.010197,-0.014970,0.000000,0.060323,0.000812,0.500000,28045.000000,
460.000000,-0.000842,0.511867,4.999755,-0.000084,0.040528,2.249961,0.006194,0.240013,0.058003,0.000000,-0.000139,0.000000,0.001349,-0.001593,0.010512,-0.014971,0.000000,0.062893,0.000846,0.500000,28056.000000,
465.000000,-0.000877,0.523241,4.999778,-0.000089,0.041727,2.274960,0.006508,0.239763,0.062720,0.000000,-0.000148,0.000000,0.001403,-0.001674,0.010826,-0.016185,0.000000,0.062895,0.000881,0.714286,28063.000000,
470.000000,-0.000913,0.534741,4.999756,-0.000095,0.042976,2.299959,0.006821,0.249833,0.062683,0.000000,-0.000156,0.000000,0.001459,-0.001755,0.011154,-0.016186,0.000000,0.065534,0.000918,1.250000,28068.000000,
475.000000,-0.000950,0.546365,4.999781,-0.000101,0.044224,2.324958,0.007160,0.249568,0.067684,0.000000,-0.000166,0.000000,0.001516,-0.001843,0.011481,-0.017474,0.000000,0.065536,0.000955,0.714286,28075.000000,
480.000000,-0.000988,0.558114,4.999759,-0.000106,0.045523,2.349957,0.007498,0.259898,0.067642,0.000000,-0.000175,0.000000,0.001576,-0.001930,0.011823,-0.017474,0.000000,0.068246,0.000994,1.000000,28081.000000,
485.000000,-0.001028,0.569989,4.999787,-0.000113,0.046821,2.374956,0.007862,0.259617,0.072939,0.000000,-0.000185,0.000000,0.001636,-0.002024,0.012164,-0.018839,0.000000,0.068248,0.001034,1.250000,28085.000000,
490.000000,-0.001069,0.581988,4.999765,-0.000119,0.048172,2.399954,0.008227,0.270214,0.072893,0.000000,-0.000196,0.000000,0.001699,-0.002118,0.012519,-0.018839,0.000000,0.071030,0.001075,0.833333,28092.000000,
495.000000,-0.001111,0.594112,4.999796,-0.000126,0.049522,2.424953,0.008619,0.269917,0.078497,0.000000,-0.000207,0.000000,0.001763,-0.002220,0.012874,-0.020283,0.000000,0.071032,0.001118,0.833333,28098.000000,
500.000000,-0.001154,0.606361,4.999775,-0.000133,0.050926,2.449952,0.009012,0.280788,0.078447,0.000000,-0.000219,0.000000,0.001830,-0.002321,0.013244,-0.020284,0.000000,0.073889,0.001162,1.250000,28103.000000,
505.000000,-0.001199,0.618736,4.999809,-0.000141,0.052328,2.474951,0.009434,0.280473,0.084370,0.000000,-0.000231,0.000000,0.001898,-0.002430,0.013613,-0.021811,0.000000,0.073891,0.001207,0.833333,28109.000000,
510.000000,-0.001245,0.631235,4.999788,-0.000149,0.053786,2.499950,0.009855,0.291626,0.084315,0.000000,-0.000244,0.000000,0.001968,-0.002539,0.013997,-0.021812,0.000000,0.076824,0.001254,1.000000,28115.000000,
515.000000,-0.001292,0.643859,4.999825,-0.000157,0.055243,2.524949,0.010308,0.291292,0.090571,0.000000,-0.000257,0.000000,0.002040,-0.002657,0.014381,-0.023425,0.000000,0.076827,0.001302,0.625000,28123.000000,
520.000000,-0.001341,0.656608,4.999805,-0.000165,0.056756,2.549948,0.010761,0.302734,0.090512,0.000000,-0.000271,0.000000,0.002113,-0.002774,0.014781,-0.023426,0.000000,0.079838,0.001351,0.625000,28131.000000,
525.000000,-0.001391,0.669482,4.999845,-0.000174,0.058268,2.574948,0.011246,0.302382,0.097114,0.000000,-0.000285,0.000000,0.002189,-0.002899,0.015180,-0.025129,0.000000,0.079841,0.001402,0.500000,28141.000000,
530.000000,-0.001443,0.682481,4.999827,-0.000184,0.059839,2.599947,0.011731,0.314121,0.097048,0.000000,-0.000300,0.000000,0.002267,-0.003025,0.015594,-0.025130,0.000000,0.082934,0.001455,0.714286,28149.000000,
535.000000,-0.001496,0.695605,4.999871,-0.000194,0.061408,2.624946,0.012251,0.313749,0.104009,0.000000,-0.000316,0.000000,0.002347,-0.003160,0.016009,-0.026927,0.000000,0.082936,0.001509,0.833333,28155.000000,
540.000000,-0.001551,0.708853,4.999854,-0.000204,0.063037,2.649945,0.012771,0.325794,0.103938,0.000000,-0.000333,0.000000,0.002430,-0.003294,0.016440,-0.026928,0.000000,0.086112,0.001564,0.833333,28161.000000,
545.000000,-0.001607,0.722227,4.999902,-0.000215,0.064664,2.674945,0.013327,0.325402,0.111273,0.000000,-0.000350,0.000000,0.002514,-0.003438,0.016870,-0.028821,0.000000,0.086115,0.001621,1.250000,28165.000000,
550.000000,-0.001665,0.735726,4.999887,-0.000226,0.066353,2.699944,0.013883,0.337760,0.111195,0.000000,-0.000368,0.000000,0.002601,-0.003582,0.017317,-0.028823,0.000000,0.089376,0.001680,1.250000,28170.000000,
555.000000,-0.001724,0.749350,4.999939,-0.000238,0.068039,2.724944,0.014478,0.337347,0.118917,0.000000,-0.000386,0.000000,0.002689,-0.003737,0.017764,-0.030817,0.000001,0.089380,0.001741,1.000000,28176.000000,
560.000000,-0.001786,0.763098,4.999926,-0.000250,0.069789,2.749944,0.015072,0.350029,0.118833,0.000000,-0.000406,0.000000,0.002780,-0.003891,0.018228,-0.030818,0.000001,0.092729,0.001803,1.250000,28181.000000,
565.000000,-0.001848,0.776972,4.999982,-0.000262,0.071537,2.774944,0.015707,0.349595,0.126957,0.000000,-0.000426,0.000000,0.002874,-0.004055,0.018691,-0.032917,0.000001,0.092733,0.001867,1.250000,28186.000000,
570.000000,-0.001913,0.790970,4.999972,-0.000276,0.073350,2.799943,0.016341,0.362610,0.126866,0.000001,-0.000447,0.000000,0.002970,-0.004220,0.019172,-0.032919,0.000001,0.096173,0.001933,1.000000,28192.000000,
575.000000,-0.001979,0.805093,5.000033,-0.000289,0.075161,2.824944,0.017018,0.362153,0.135408,0.000001,-0.000469,0.000000,0.003068,-0.004395,0.019653,-0.035126,0.000001,0.096177,0.002001,0.384615,28205.000000,
580.000000,-0.002048,0.819342,5.000026,-0.000304,0.077039,2.849944,0.017695,0.375512,0.135309,0.000001,-0.000492,0.000000,0.003169,-0.004571,0.020152,-0.035128,0.000001,0.099711,0.002070,1.000000,28210.000000,
585.000000,-0.002118,0.833715,5.000092,-0.000319,0.078914,2.874944,0.018416,0.375031,0.144283,0.000001,-0.000516,0.000000,0.003272,-0.004758,0.020650,-0.037448,0.000001,0.099715,0.002142,0.555556,28219.000000,
590.000000,-0.002190,0.848213,5.000088,-0.000334,0.080858,2.899945,0.019137,0.388745,0.144176,0.000001,-0.000541,0.000000,0.003378,-0.004946,0.021167,-0.037450,0.000001,0.103346,0.002215,1.000000,28225.000000,
595.000000,-0.002264,0.862836,5.000160,-0.000351,0.082799,2.924945,0.019905,0.388240,0.153599,0.000001,-0.000566,0.000000,0.003486,-0.005145,0.021684,-0.039887,0.000001,0.103350,0.002291,1.000000,28231.000000,
600.000000,-0.002339,0.877584,5.000160,-0.000368,0.084810,2.949946,0.020673,0.402320,0.153484,0.000001,-0.000593,0.000000,0.003597,-0.005344,0.022219,-0.039889,0.000001,0.107081,0.002368,1.250000,28236.000000,
605.000000,-0.002417,0.892457,5.000238,-0.000385,0.086819,2.974947,0.021489,0.401790,0.163373,0.000001,-0.000621,0.000000,0.003711,-0.005557,0.022755,-0.042447,0.000001,0.107085,0.002448,0.833333,28243.000000,
610.000000,-0.002497,0.907454,5.000242,-0.000403,0.088901,2.999949,0.022306,0.416247,0.163248,0.000001,-0.000650,0.000000,0.003828,-0.005769,0.023309,-0.042450,0.000001,0.110920,0.002530,1.250000,28247.000000,
615.000000,-0.002579,0.922577,5.000326,-0.000422,0.090979,3.024950,0.023174,0.415691,0.173619,0.000001,-0.000680,0.000000,0.003947,-0.005995,0.023864,-0.045134,0.000001,0.110924,0.002614,1.250000,28251.000000,
620.000000,-0.002664,0.937824,5.000335,-0.000442,0.093132,3.049952,0.024041,0.430539,0.173485,0.000001,-0.000711,0.000000,0.004069,-0.006220,0.024438,-0.045137,0.000001,0.114865,0.002700,0.833333,28257.000000,
625.000000,-0.002750,0.953197,5.000426,-0.000463,0.095282,3.074954,0.024963,0.429956,0.184355,0.000001,-0.000743,0.000000,0.004194,-0.006460,0.025012,-0.047951,0.000001,0.114870,0.002789,1.250000,28262.000000,
630.000000,-0.002839,0.968694,5.000441,-0.000484,0.097508,3.099956,0.025884,0.445207,0.184211,0.000001,-0.000777,0.000000,0.004322,-0.006700,0.025607,-0.047954,0.000001,0.118921,0.002879,1.250000,28266.000000,
635.000000,-0.002929,0.984316,5.000540,-0.000506,0.099731,3.124959,0.026862,0.444596,0.195599,0.000001,-0.000811,0.000000,0.004453,-0.006954,0.026202,-0.050904,0.000001,0.118926,0.002973,0.714286,28273.000000,
640.000000,-0.003023,1.000063,5.000561,-0.000529,0.102032,3.149962,0.027839,0.460264,0.195444,0.000002,-0.000847,0.000000,0.004587,-0.007209,0.026817,-0.050908,0.000001,0.123091,0.003069,1.250000,28278.000000,
645.000000,-0.003118,1.015935,5.000667,-0.000553,0.104330,3.174965,0.028876,0.459625,0.207368,0.000002,-0.000885,0.000000,0.004725,-0.007479,0.027433,-0.053997,0.000001,0.123097,0.003167,1.250000,28282.000000,
650.000000,-0.003216,1.031931,5.000696,-0.000578,0.106709,3.199969,0.029912,0.475724,0.207201,0.000002,-0.000924,0.000000,0.004865,-0.007749,0.028070,-0.054001,0.000001,0.127380,0.003268,0.625000,28291.000000,
655.000000,-0.003317,1.048053,5.000810,-0.000604,0.109084,3.224973,0.031010,0.475055,0.219681,0.000002,-0.000964,0.000000,0.005008,-0.008035,0.028706,-0.057236,0.000002,0.127386,0.003371,0.500000,28301.000000,
660.000000,-0.003420,1.064299,5.000847,-0.000630,0.111542,3.249977,0.032108,0.491601,0.219502,0.000002,-0.001005,0.000000,0.005155,-0.008321,0.029365,-0.057240,0.000001,0.131791,0.003477,0.714286,28309.000000,
665.000000,-0.003525,1.080670,5.000971,-0.000658,0.113996,3.274982,0.033271,0.490901,0.232557,0.000002,-0.001048,0.000000,0.005305,-0.008624,0.030024,-0.060625,0.000002,0.131797,0.003586,1.250000,28313.000000,
670.000000,-0.003633,1.097166,5.001016,-0.000687,0.116536,3.299987,0.034433,0.507909,0.232365,0.000002,-0.001093,0.000000,0.005459,-0.008927,0.030706,-0.060630,0.000002,0.136328,0.003698,0.833333,28320.000000,
675.000000,-0.003744,1.113787,5.001149,-0.000716,0.119072,3.324993,0.035663,0.507178,0.246015,0.000003,-0.001139,0.000000,0.005616,-0.009248,0.031388,-0.064171,0.000002,0.136335,0.003812,0.714286,28327.000000,
680.000000,-0.003858,1.130533,5.001204,-0.000747,0.121695,3.349999,0.036892,0.524663,0.245810,0.000003,-0.001187,0.000000,0.005776,-0.009569,0.032093,-0.064176,0.000002,0.140997,0.003930,1.000000,28332.000000,
685.000000,-0.003974,1.147403,5.001348,-0.000779,0.124315,3.375005,0.038192,0.523900,0.260075,0.000003,-0.001237,0.000000,0.005940,-0.009909,0.032798,-0.067878,0.000002,0.141004,0.004050,0.833333,28339.000000,
690.000000,-0.004093,1.164399,5.001414,-0.000812,0.127024,3.400012,0.039491,0.541881,0.259856,0.000003,-0.001288,0.000000,0.006108,-0.010248,0.033527,-0.067884,0.000002,0.145801,0.004173,1.000000,28345.000000,
695.000000,-0.004216,1.181519,5.001569,-0.000847,0.129729,3.425020,0.040865,0.541084,0.274759,0.000003,-0.001341,0.000000,0.006279,-0.010607,0.034256,-0.071753,0.000002,0.145809,0.004300,1.000000,28350.000000,
700.000000,-0.004341,1.198763,5.001647,-0.000882,0.132527,3.450029,0.042238,0.559579,0.274525,0.000004,-0.001396,0.000000,0.006454,-0.010966,0.035009,-0.071760,0.000002,0.150746,0.004429,0.625000,28359.000000,
705.000000,-0.004469,1.216133,5.001815,-0.000919,0.135321,3.475038,0.043688,0.558747,0.290087,0.000004,-0.001453,0.000000,0.006633,-0.011345,0.035763,-0.075801,0.000003,0.150755,0.004562,1.250000,28364.000000,
710.000000,-0.004600,1.233627,5.001905,-0.000957,0.138210,3.500047,0.045137,0.577774,0.289837,0.000004,-0.001511,0.000000,0.006816,-0.011724,0.036542,-0.075809,0.000002,0.155838,0.004698,1.000000,28369.000000,
715.000000,-0.004734,1.251246,5.002086,-0.000997,0.141095,3.525058,0.046668,0.576907,0.306082,0.000004,-0.001572,0.000000,0.007002,-0.012124,0.037322,-0.080029,0.000003,0.155847,0.004838,0.384615,28382.000000,
720.000000,-0.004871,1.268990,5.002191,-0.001037,0.144077,3.550068,0.048197,0.596485,0.305816,0.000005,-0.001634,0.000000,0.007193,-0.012524,0.038127,-0.080037,0.000003,0.161080,0.004981,0.625000,28390.000000,
725.000000,-0.005012,1.286859,5.002386,-0.001080,0.147055,3.575080,0.049811,0.595582,0.322766,0.000005,-0.001699,0.000000,0.007388,-0.012946,0.038933,-0.084443,0.000003,0.161090,0.005127,0.555556,28400.000000,
730.000000,-0.005156,1.304852,5.002507,-0.001123,0.150133,3.600093,0.051423,0.615732,0.322483,0.000005,-0.001766,0.000000,0.007587,-0.013368,0.039765,-0.084452,0.000003,0.166480,0.005277,0.833333,28406.000000,
735.000000,-0.005304,1.322970,5.002717,-0.001168,0.153207,3.625107,0.053124,0.614791,0.340164,0.000006,-0.001835,0.000000,0.007790,-0.013814,0.040597,-0.089050,0.000003,0.166490,0.005431,1.000000,28411.000000,
740.000000,-0.005454,1.341212,5.002855,-0.001215,0.156385,3.650121,0.054823,0.635534,0.339862,0.000006,-0.001906,0.000000,0.007997,-0.014259,0.041458,-0.089059,0.000003,0.172042,0.005588,0.833333,28418.000000,
745.000000,-0.005609,1.359580,5.003082,-0.001263,0.159558,3.675136,0.056615,0.634555,0.358298,0.000007,-0.001980,0.000000,0.008208,-0.014728,0.042318,-0.093855,0.000004,0.172053,0.005749,0.625000,28426.000000,
750.000000,-0.005767,1.378072,5.003239,-0.001313,0.162837,3.700152,0.058405,0.655913,0.357978,0.000007,-0.002056,0.000000,0.008424,-0.015198,0.043207,-0.093866,0.000003,0.177773,0.005914,1.250000,28431.000000,
755.000000,-0.005928,1.396688,5.003484,-0.001365,0.166112,3.725170,0.060291,0.654894,0.377195,0.000008,-0.002134,0.000000,0.008645,-0.015692,0.044096,-0.098867,0.000004,0.177786,0.006083,1.250000,28435.000000,
760.000000,-0.006094,1.415430,5.003662,-0.001418,0.169496,3.750188,0.062175,0.676891,0.376856,0.000008,-0.002215,0.000000,0.008870,-0.016186,0.045014,-0.098879,0.000004,0.183680,0.006256,1.000000,28441.000000,
765.000000,-0.006263,1.434296,5.003925,-0.001473,0.172876,3.775208,0.064159,0.675832,0.396881,0.000009,-0.002299,0.000000,0.009100,-0.016707,0.045933,-0.104093,0.000004,0.183693,0.006434,1.250000,28445.000000,
770.000000,-0.006435,1.453286,5.004127,-0.001530,0.176368,3.800228,0.066142,0.698492,0.396521,0.000009,-0.002385,0.000000,0.009334,-0.017227,0.046881,-0.104106,0.000004,0.189768,0.006615,1.250000,28450.000000,
775.000000,-0.006612,1.472401,5.004411,-0.001589,0.179855,3.825250,0.068229,0.697391,0.417381,0.000010,-0.002474,0.000000,0.009573,-0.017775,0.047830,-0.109540,0.000005,0.189783,0.006801,1.666667,28454.000000,
780.000000,-0.006793,1.491641,5.004637,-0.001650,0.183459,3.850274,0.070314,0.720738,0.417000,0.000010,-0.002565,0.000000,0.009817,-0.018323,0.048811,-0.109554,0.000004,0.196045,0.006991,0.625000,28462.000000,
785.000000,-0.006978,1.511005,5.004943,-0.001712,0.187057,3.875298,0.072507,0.719595,0.438725,0.000011,-0.002660,0.000000,0.010066,-0.018899,0.049791,-0.115215,0.000005,0.196061,0.007185,1.000000,28467.000000,
790.000000,-0.007167,1.530494,5.005197,-0.001777,0.190775,3.900324,0.074699,0.743657,0.438322,0.000012,-0.002757,0.000000,0.010320,-0.019475,0.050803,-0.115230,0.000005,0.202519,0.007384,0.833333,28473.000000,
795.000000,-0.007361,1.550107,5.005527,-0.001844,0.194487,3.925352,0.077004,0.742469,0.460940,0.000012,-0.002858,0.000000,0.010579,-0.020081,0.051816,-0.121127,0.000006,0.202536,0.007588,1.000000,28479.000000,
800.000000,-0.007558,1.569845,5.005811,-0.001913,0.198324,3.950381,0.079306,0.767273,0.460514,0.000013,-0.002961,0.000000,0.010844,-0.020686,0.052862,-0.121144,0.000005,0.209196,0.007797,1.250000,28484.000000,
805.000000,-0.007760,1.589707,5.006167,-0.001984,0.202154,3.975412,0.081727,0.766041,0.484057,0.000014,-0.003068,0.000000,0.011113,-0.021323,0.053908,-0.127285,0.000006,0.209215,0.008010,0.833333,28490.000000,
810.000000,-0.007967,1.609694,5.006483,-0.002057,0.206112,4.000444,0.084145,0.791616,0.483607,0.000015,-0.003178,0.000000,0.011388,-0.021959,0.054989,-0.127304,0.000006,0.216085,0.008228,1.250000,28495.000000,
815.000000,-0.008178,1.629805,5.006867,-0.002133,0.210064,4.025479,0.086685,0.790338,0.508105,0.000016,-0.003291,0.000000,0.011668,-0.022628,0.056069,-0.133696,0.000007,0.216106,0.008452,1.250000,28499.000000,
820.000000,-0.008394,1.650041,5.007219,-0.002211,0.214147,4.050515,0.089223,0.816713,0.507631,0.000017,-0.003407,0.000000,0.011954,-0.023296,0.057185,-0.133717,0.000006,0.223194,0.008680,0.625000,28507.000000,
825.000000,-0.008615,1.670401,5.007632,-0.002291,0.218224,4.075553,0.091889,0.815388,0.533118,0.000018,-0.003527,0.000000,0.012246,-0.023998,0.058301,-0.140370,0.000007,0.223217,0.008914,1.000000,28512.000000,
830.000000,-0.008840,1.690885,5.008024,-0.002374,0.222437,4.100593,0.094552,0.842594,0.532618,0.000019,-0.003651,0.000000,0.012543,-0.024700,0.059454,-0.140393,0.000007,0.230531,0.009153,1.250000,28517.000000,
835.000000,-0.009070,1.711494,5.008469,-0.002460,0.226643,4.125635,0.097348,0.841222,0.559127,0.000020,-0.003778,0.000000,0.012846,-0.025437,0.060607,-0.147316,0.000008,0.230557,0.009398,1.000000,28522.000000,
840.000000,-0.009306,1.732227,5.008903,-0.002548,0.230990,4.150680,0.100141,0.869292,0.558601,0.000021,-0.003909,0.000000,0.013155,-0.026173,0.061797,-0.147342,0.000007,0.238106,0.009648,1.250000,28527.000000,
845.000000,-0.009546,1.753085,5.009383,-0.002639,0.235329,4.175727,0.103071,0.867871,0.586168,0.000022,-0.004043,0.000000,0.013470,-0.026946,0.062988,-0.154544,0.000008,0.238134,0.009904,0.277778,28545.000000,
850.000000,-0.009792,1.774066,5.009863,-0.002733,0.239813,4.200776,0.106000,0.896839,0.585615,0.000024,-0.004182,0.000000,0.013791,-0.027719,0.064217,-0.154572,0.000008,0.245928,0.010166,1.000000,28550.000000,
855.000000,-0.010043,1.795172,5.010381,-0.002829,0.244290,4.225828,0.109071,0.895369,0.614276,0.000025,-0.004325,0.000000,0.014118,-0.028529,0.065447,-0.162064,0.000009,0.245959,0.010434,1.000000,28556.000000,
860.000000,-0.010299,1.816402,5.010911,-0.002929,0.248916,4.250883,0.112139,0.925270,0.613695,0.000026,-0.004471,0.000000,0.014452,-0.029340,0.066717,-0.162094,0.000008,0.254007,0.010707,0.833333,28563.000000,
865.000000,-0.010561,1.837757,5.011469,-0.003031,0.253535,4.275940,0.115357,0.923749,0.643487,0.000028,-0.004622,0.000000,0.014792,-0.030189,0.067987,-0.169885,0.000010,0.254041,0.010987,1.000000,28568.000000,
870.000000,-0.010828,1.859235,5.012053,-0.003136,0.258308,4.301000,0.118571,0.954621,0.642878,0.000030,-0.004777,0.000000,0.015138,-0.031039,0.069299,-0.169919,0.000009,0.262352,0.011274,0.625000,28576.000000,
875.000000,-0.011102,1.880837,5.012656,-0.003245,0.263073,4.326063,0.121940,0.953049,0.673841,0.000031,-0.004937,0.000000,0.015491,-0.031929,0.070611,-0.178020,0.000010,0.262390,0.011566,1.250000,28580.000000,
880.000000,-0.011381,1.902564,5.013299,-0.003357,0.267998,4.351130,0.125306,0.984929,0.673203,0.000033,-0.005101,0.000000,0.015851,-0.032819,0.071966,-0.178057,0.000010,0.270976,0.011865,1.000000,28586.000000,
885.000000,-0.011665,1.924415,5.013949,-0.003472,0.272915,4.376200,0.128833,0.983305,0.705377,0.000035,-0.005270,0.000000,0.016218,-0.033752,0.073321,-0.186478,0.000011,0.271017,0.012171,0.833333,28592.000000,
890.000000,-0.011956,1.946389,5.014657,-0.003591,0.277996,4.401273,0.132357,1.016234,0.704709,0.000037,-0.005443,0.000000,0.016592,-0.034684,0.074721,-0.186520,0.000011,0.279888,0.012484,0.500000,28603.000000,
895.000000,-0.012254,1.968488,5.015358,-0.003713,0.283069,4.426350,0.136048,1.014557,0.738136,0.000039,-0.005622,0.000000,0.016972,-0.035661,0.076120,-0.195272,0.000012,0.279933,0.012804,0.833333,28609.000000,
900.000000,-0.012557,1.990710,5.016135,-0.003838,0.288311,4.451430,0.139735,1.048576,0.737439,0.000041,-0.005805,0.000000,0.017360,-0.036637,0.077566,-0.195318,0.000011,0.289101,0.013130,1.250000,28614.000000,
905.000000,-0.012867,2.013057,5.016892,-0.003968,0.293546,4.476515,0.143596,1.046847,0.772163,0.000044,-0.005993,0.000000,0.017755,-0.037659,0.079011,-0.204415,0.000013,0.289151,0.013464,1.250000,28618.000000,
910.000000,-0.013183,2.035527,5.017745,-0.004101,0.298956,4.501604,0.147453,1.082000,0.771434,0.000046,-0.006186,0.000000,0.018157,-0.038682,0.080505,-0.204465,0.000012,0.298626,0.013806,0.454545,28629.000000,
915.000000,-0.013506,2.058121,5.018561,-0.004237,0.304357,4.526696,0.151490,1.080217,0.807501,0.000049,-0.006385,0.000000,0.018567,-0.039751,0.081998,-0.213917,0.000014,0.298682,0.014155,1.250000,28633.000000,
920.000000,-0.013835,2.080839,5.019496,-0.004378,0.309940,4.551794,0.155524,1.116550,0.806742,0.000051,-0.006589,0.000000,0.018985,-0.040821,0.083540,-0.213973,0.000013,0.308478,0.014511,1.000000,28638.000000,
925.000000,-0.014172,2.103680,5.020377,-0.004523,0.315513,4.576896,0.159745,1.114714,0.844198,0.000054,-0.006799,0.000000,0.019411,-0.041940,0.085083,-0.223794,0.000015,0.308539,0.014876,1.000000,28644.000000,
930.000000,-0.014515,2.126645,5.021400,-0.004672,0.321274,4.602003,0.163962,1.152273,0.843408,0.000057,-0.007014,0.000000,0.019844,-0.043059,0.086676,-0.223856,0.000014,0.318668,0.015248,0.555556,28654.000000,
935.000000,-0.014865,2.149734,5.022351,-0.004825,0.327026,4.627115,0.168374,1.150383,0.882303,0.000060,-0.007235,0.000000,0.020285,-0.044230,0.088270,-0.234058,0.000016,0.318736,0.015629,0.833333,28660.000000,
940.000000,-0.015223,2.172946,5.023471,-0.004982,0.332972,4.652232,0.172781,1.189218,0.881481,0.000064,-0.007462,0.000000,0.020735,-0.045400,0.089916,-0.234127,0.000015,0.329211,0.016018,1.250000,28664.000000,
945.000000,-0.015588,2.196282,5.024497,-0.005144,0.338909,4.677354,0.177390,1.187275,0.921866,0.000067,-0.007695,0.000000,0.021193,-0.046624,0.091563,-0.244724,0.000018,0.329286,0.016415,1.250000,28669.000000,
950.000000,-0.015961,2.219741,5.025721,-0.005311,0.345046,4.702483,0.181995,1.227439,0.921014,0.000071,-0.007935,0.000000,0.021659,-0.047848,0.093263,-0.244800,0.000016,0.340122,0.016821,0.714286,28677.000000,
955.000000,-0.016341,2.243323,5.026829,-0.005482,0.351173,4.727617,0.186810,1.225442,0.962941,0.000075,-0.008180,0.000000,0.022134,-0.049127,0.094964,-0.255807,0.000019,0.340205,0.017236,1.250000,28682.000000,
960.000000,-0.016729,2.267029,5.028165,-0.005658,0.357508,4.752758,0.191620,1.266987,0.962059,0.000079,-0.008432,0.000000,0.022617,-0.050406,0.096721,-0.255891,0.000018,0.351416,0.017660,1.250000,28686.000000,
965.000000,-0.017125,2.290858,5.029361,-0.005838,0.363833,4.777905,0.196648,1.264938,1.005584,0.000083,-0.008691,0.000000,0.023110,-0.051743,0.098479,-0.267322,0.000020,0.351508,0.018093,0.833333,28692.000000,
970.000000,-0.017529,2.314810,5.030819,-0.006024,0.370373,4.803059,0.201672,1.307922,1.004671,0.000087,-0.008956,0.000000,0.023611,-0.053080,0.100294,-0.267415,0.000019,0.363109,0.018535,0.277778,28710.000000,
975.000000,-0.017941,2.338885,5.032111,-0.006215,0.376902,4.828219,0.206921,1.305820,1.049853,0.000092,-0.009229,0.000000,0.024122,-0.054476,0.102110,-0.279286,0.000022,0.363211,0.018987,0.555556,28720.000000,
980.000000,-0.018362,2.363083,5.033700,-0.006411,0.383653,4.853388,0.212165,1.350301,1.048911,0.000097,-0.009508,0.000000,0.024642,-0.055873,0.103986,-0.279390,0.000020,0.375217,0.019449,0.625000,28729.000000,
985.000000,-0.018791,2.387404,5.035095,-0.006613,0.390394,4.878563,0.217644,1.348148,1.095808,0.000102,-0.009795,0.000000,0.025171,-0.057332,0.105863,-0.291717,0.000023,0.375330,0.019920,1.250000,28734.000000,
990.000000,-0.019228,2.411848,5.036826,-0.006819,0.397365,4.903748,0.223119,1.394189,1.094839,0.000107,-0.010088,0.000000,0.025710,-0.058791,0.107802,-0.291831,0.000022,0.387760,0.020402,0.625000,28742.000000,
995.000000,-0.019675,2.436415,5.038332,-0.007032,0.404325,4.928939,0.228836,1.391986,1.143515,0.000113,-0.010390,0.000000,0.026259,-0.060314,0.109741,-0.304631,0.000025,0.387885,0.020894,1.000000,28748.000000,
1000.000000,-0.020130,2.461104,5.040217,-0.007250,0.411523,4.954140,0.234549,1.439650,1.142518,0.000119,-0.010699,0.000000,0.026817,-0.061838,0.111745,-0.304758,0.000023,0.400754,0.021396,0.833333,28755.000000,
1005.000000,-0.020595,2.485916,5.041844,-0.007474,0.418710,4.979349,0.240514,1.437399,1.193038,0.000125,-0.011016,0.000000,0.027386,-0.063428,0.113749,-0.318048,0.000027,0.400893,0.021909,1.000000,28760.000000,
1010.000000,-0.021069,2.510851,5.044686,-0.007705,0.425883,5.004573,0.246471,1.434563,1.191489,0.000131,-0.011341,0.000000,0.027965,-0.065019,0.115754,-0.318058,0.000027,0.400905,0.022433,1.000000,28766.000000,
1015.000000,-0.021552,2.535908,5.046383,-0.007941,0.433439,5.029805,0.252425,1.511293,1.190711,0.000138,-0.011674,0.000000,0.028554,-0.066610,0.117860,-0.318269,0.000024,0.421230,0.022969,0.833333,28772.000000,
1020.000000,-0.022045,2.561087,5.047596,-0.008183,0.440986,5.055043,0.258782,1.509277,1.271498,0.000145,-0.012016,0.000000,0.029154,-0.068306,0.119967,-0.339315,0.000030,0.421464,0.023515,1.000000,28778.000000,
1025.000000,-0.022548,2.586388,5.050787,-0.008432,0.448517,5.080297,0.265132,1.506277,1.269824,0.000153,-0.012365,0.000000,0.029764,-0.070003,0.122075,-0.339326,0.000030,0.421477,0.024073,1.250000,28783.000000,
1030.000000,-0.023060,2.611812,5.052728,-0.008687,0.456452,5.105560,0.271477,1.587079,1.269062,0.000161,-0.012724,0.000000,0.030385,-0.071701,0.124289,-0.339572,0.000026,0.442882,0.024642,0.833333,28789.000000,
1035.000000,-0.023583,2.637357,5.054089,-0.008949,0.464378,5.130831,0.278249,1.585058,1.354500,0.000169,-0.013091,0.000000,0.031018,-0.073510,0.126505,-0.361839,0.000033,0.443156,0.025224,1.000000,28795.000000,
1040.000000,-0.024116,2.663025,5.057666,-0.009218,0.472287,5.156119,0.285013,1.581881,1.352693,0.000177,-0.013468,0.000000,0.031662,-0.075319,0.128721,-0.361850,0.000033,0.443170,0.025818,0.833333,28801.000000,
1045.000000,-0.024660,2.688814,5.059878,-0.009494,0.480623,5.181419,0.291773,1.667103,1.351962,0.000186,-0.013853,0.000000,0.032317,-0.077130,0.131050,-0.362138,0.000029,0.465747,0.026424,1.000000,28806.000000,
1050.000000,-0.025214,2.714724,5.061407,-0.009777,0.488948,5.206726,0.298984,1.665094,1.442293,0.000196,-0.014249,0.000000,0.032984,-0.079058,0.133380,-0.385689,0.000036,0.466068,0.027043,1.250000,28811.000000,
1055.000000,-0.025779,2.740757,5.065415,-0.010068,0.497257,5.232053,0.306186,1.661730,1.440342,0.000205,-0.014653,0.000000,0.033662,-0.080987,0.135710,-0.385701,0.000036,0.466083,0.027675,0.833333,28817.000000,
1060.000000,-0.026355,2.766910,5.067932,-0.010366,0.506015,5.257392,0.313384,1.751637,1.439660,0.000216,-0.015068,0.000000,0.034353,-0.082917,0.138160,-0.386038,0.000032,0.489902,0.028320,0.833333,28824.000000,
1065.000000,-0.026942,2.793185,5.069650,-0.010671,0.514763,5.282741,0.321060,1.749662,1.535171,0.000226,-0.015492,0.000000,0.035056,-0.084972,0.140611,-0.410948,0.000040,0.490277,0.028979,1.000000,28829.000000,
1070.000000,-0.027541,2.819581,5.074141,-0.010985,0.523494,5.308111,0.328725,1.746097,1.533066,0.000238,-0.015927,0.000000,0.035771,-0.087027,0.143063,-0.410961,0.000040,0.490293,0.029651,1.250000,28834.000000,
1075.000000,-0.028152,2.846098,5.076998,-0.011306,0.532699,5.333496,0.336388,1.840995,1.532455,0.000249,-0.016373,0.000000,0.036499,-0.089083,0.145640,-0.411354,0.000035,0.515434,0.030337,0.833333,28840.000000,
1080.000000,-0.028774,2.872735,5.078926,-0.011636,0.541894,5.358891,0.344555,1.839079,1.633456,0.000262,-0.016829,0.000000,0.037240,-0.091272,0.148219,-0.437705,0.000044,0.515873,0.031038,1.000000,28846.000000,
1085.000000,-0.029409,2.899493,5.083959,-0.011974,0.551071,5.384311,0.352711,1.835301,1.631185,0.000275,-0.017296,0.000000,0.037994,-0.093460,0.150798,-0.437719,0.000044,0.515889,0.031753,0.714286,28853.000000,
1090.000000,-0.030056,2.926372,5.087196,-0.012321,0.560748,5.409747,0.360864,1.935515,1.630672,0.000288,-0.017774,0.000000,0.038761,-0.095651,0.153511,-0.438179,0.000038,0.542438,0.032483,0.714286,28860.000000,
1095.000000,-0.030715,2.953371,5.089359,-0.012676,0.570417,5.435193,0.369552,1.933689,1.737493,0.000302,-0.018264,0.000000,0.039542,-0.097982,0.156225,-0.466058,0.000049,0.542952,0.033228,1.000000,28865.000000,
1100.000000,-0.031387,2.980490,5.094999,-0.013040,0.580065,5.460668,0.378227,1.929682,1.735043,0.000317,-0.018765,0.000000,0.040337,-0.100312,0.158940,-0.466073,0.000049,0.542969,0.033988,0.625000,28873.000000,
1105.000000,-0.032072,3.007728,5.098658,-0.013414,0.590243,5.486162,0.386900,2.035564,1.734661,0.000332,-0.019278,0.000000,0.041146,-0.102645,0.161795,-0.466610,0.000042,0.571019,0.034764,0.416667,28886.000000,
1110.000000,-0.032770,3.035087,5.101085,-0.013797,0.600412,5.511667,0.396138,2.033865,1.847660,0.000348,-0.019803,0.000000,0.041969,-0.105126,0.164653,-0.496111,0.000054,0.571620,0.035556,0.714286,28893.000000,
1115.000000,-0.033482,3.062564,5.107405,-0.014189,0.610560,5.537204,0.405364,2.029613,1.845016,0.000365,-0.020341,0.000000,0.042806,-0.107606,0.167511,-0.496127,0.000054,0.571638,0.036365,0.625000,28902.000000,
1120.000000,-0.034208,3.090161,5.111534,-0.014591,0.621268,5.562762,0.414588,2.141541,1.844802,0.000383,-0.020891,0.000000,0.043659,-0.110090,0.170518,-0.496754,0.000046,0.601289,0.037190,1.000000,28908.000000,
1125.000000,-0.034947,3.117877,5.114253,-0.015004,0.631968,5.588333,0.424409,2.140012,1.964363,0.000401,-0.021454,0.000000,0.044526,-0.112730,0.173528,-0.527979,0.000059,0.601990,0.038032,1.000000,28914.000000,
1130.000000,-0.035700,3.145712,5.121337,-0.015426,0.642645,5.613940,0.434217,2.135497,1.961510,0.000420,-0.022031,0.000000,0.045409,-0.115370,0.176538,-0.527995,0.000059,0.602009,0.038891,1.250000,28919.000000,
1135.000000,-0.036468,3.173666,5.125987,-0.015859,0.653915,5.639570,0.444024,2.253879,1.961509,0.000440,-0.022621,0.000000,0.046307,-0.118013,0.179705,-0.528727,0.000051,0.633368,0.039767,1.000000,28925.000000,
1140.000000,-0.037251,3.201737,5.129029,-0.016303,0.665178,5.665215,0.454465,2.252572,2.088049,0.000461,-0.023224,0.000000,0.047221,-0.120822,0.182875,-0.561784,0.000065,0.634186,0.040662,1.000000,28930.000000,
1145.000000,-0.038048,3.229927,5.136970,-0.016757,0.676417,5.690900,0.464890,2.247772,2.084970,0.000483,-0.023842,0.000000,0.048151,-0.123631,0.186046,-0.561801,0.000065,0.634206,0.041575,1.250000,28934.000000,
1150.000000,-0.038861,3.258234,5.142196,-0.017223,0.688282,5.716611,0.475316,2.373048,2.085235,0.000506,-0.024474,0.000000,0.049098,-0.126444,0.189383,-0.562655,0.000055,0.667389,0.042506,0.714286,28942.000000,
1155.000000,-0.039689,3.286659,5.145597,-0.017700,0.700142,5.742339,0.486412,2.372021,2.219199,0.000530,-0.025120,0.000000,0.050061,-0.129433,0.192725,-0.597662,0.000072,0.668342,0.043457,0.625000,28950.000000,
1160.000000,-0.040533,3.315201,5.154499,-0.018188,0.711977,5.768111,0.497491,2.366915,2.215876,0.000555,-0.025782,0.000000,0.051041,-0.132421,0.196067,-0.597681,0.000072,0.668363,0.044427,0.625000,28958.000000,
1165.000000,-0.041393,3.343860,5.160361,-0.018689,0.724474,5.793913,0.508573,2.499558,2.216468,0.000581,-0.026459,0.000000,0.052039,-0.135414,0.199584,-0.598674,0.000061,0.703495,0.045416,0.833333,28965.000000,
1170.000000,-0.042269,3.372635,5.164156,-0.019201,0.736969,5.819734,0.520365,2.498881,2.358342,0.000608,-0.027151,0.000000,0.053054,-0.138593,0.203107,-0.635759,0.000079,0.704605,0.046426,0.454545,28976.000000,
1175.000000,-0.043162,3.401526,5.174137,-0.019726,0.749436,5.845604,0.532139,2.493442,2.354753,0.000637,-0.027859,0.000000,0.054086,-0.141772,0.206630,-0.635779,0.000079,0.704627,0.047456,0.555556,28986.000000,
1180.000000,-0.044071,3.430534,5.180699,-0.020264,0.762606,5.871508,0.543918,2.633965,2.355743,0.000666,-0.028583,0.000000,0.055138,-0.144957,0.210339,-0.636935,0.000066,0.741842,0.048507,0.833333,28993.000000,
1185.000000,-0.044998,3.459656,5.184926,-0.020815,0.775774,5.897433,0.556448,2.633717,2.506050,0.000697,-0.029324,0.000000,0.056208,-0.148338,0.214055,-0.676234,0.000086,0.743133,0.049579,1.000000,28999.000000,
1190.000000,-0.045942,3.488894,5.196120,-0.021379,0.788914,5.923413,0.568959,2.627918,2.502172,0.000730,-0.030082,0.000000,0.057296,-0.151719,0.217770,-0.676255,0.000086,0.743156,0.050673,0.833333,29006.000000,
1195.000000,-0.046904,3.518247,5.203447,-0.021956,0.802798,5.949430,0.581477,2.776872,2.503642,0.000763,-0.030857,0.000000,0.058404,-0.155107,0.221683,-0.677599,0.000072,0.782599,0.051789,0.833333,29012.000000,
1200.000000,-0.047884,3.547714,5.208145,-0.022547,0.816684,5.975471,0.594792,2.777144,2.662948,0.000799,-0.031649,0.000000,0.059531,-0.158703,0.225604,-0.719260,0.000095,0.784098,0.052927,1.000000,29018.000000,
1205.000000,-0.048883,3.577295,5.220702,-0.023152,0.830539,6.001575,0.608085,2.770952,2.658754,0.000835,-0.032460,0.000000,0.060678,-0.162299,0.229524,-0.719283,0.000095,0.784123,0.054088,0.625000,29026.000000,
1210.000000,-0.049900,3.606989,5.228865,-0.023772,0.845183,6.027719,0.621389,2.928932,2.660797,0.000874,-0.033288,0.000000,0.061846,-0.165903,0.233654,-0.720842,0.000078,0.825951,0.055273,1.000000,29031.000000,
1215.000000,-0.050936,3.636796,5.234071,-0.024406,0.859833,6.053889,0.635538,2.929827,2.829710,0.000914,-0.034136,0.000000,0.063034,-0.169729,0.237792,-0.765026,0.000104,0.827687,0.056481,0.555556,29041.000000,
1220.000000,-0.051991,3.666716,5.248160,-0.025055,0.874449,6.080130,0.649664,2.923205,2.825172,0.000956,-0.035003,0.000000,0.064243,-0.173554,0.241931,-0.765049,0.000104,0.827713,0.057713,1.000000,29046.000000,
1225.000000,-0.053066,3.696748,5.257231,-0.025719,0.889903,6.106416,0.663803,3.090850,2.827893,0.000999,-0.035888,0.000000,0.065474,-0.177388,0.246291,-0.766855,0.000085,0.872094,0.058970,1.250000,29051.000000,
1230.000000,-0.054161,3.726891,5.262981,-0.026399,0.905365,6.132731,0.678839,3.092483,3.007070,0.001045,-0.036794,0.000000,0.066726,-0.181456,0.250661,-0.813732,0.000113,0.874102,0.060253,0.714286,29058.000000,
1235.000000,-0.055277,3.757145,5.278794,-0.027095,0.920792,6.159125,0.693849,3.085391,3.002154,0.001092,-0.037721,0.000000,0.068001,-0.185525,0.255032,-0.813758,0.000113,0.874129,0.061560,1.000000,29064.000000,
1240.000000,-0.056413,3.787509,5.288843,-0.027808,0.937109,6.185569,0.708878,3.263388,3.005669,0.001142,-0.038667,0.000000,0.069298,-0.189604,0.259638,-0.815844,0.000093,0.921241,0.062894,1.250000,29069.000000,
1245.000000,-0.057570,3.817984,5.295167,-0.028536,0.953439,6.212045,0.724857,3.265885,3.195812,0.001194,-0.039635,0.000000,0.070618,-0.193932,0.264255,-0.865599,0.000124,0.923557,0.064254,0.555556,29078.000000,
1250.000000,-0.058748,3.848567,5.312922,-0.029282,0.969730,6.238610,0.740809,3.258276,3.190482,0.001248,-0.040625,0.000000,0.071961,-0.198260,0.268873,-0.865625,0.000124,0.923586,0.065642,0.416667,29091.000000,
1255.000000,-0.059949,3.879259,5.324019,-0.030045,0.986967,6.265230,0.756784,3.447357,3.194916,0.001304,-0.041636,0.000000,0.073329,-0.202600,0.273741,-0.868028,0.000101,0.973622,0.067056,1.250000,29096.000000,
1260.000000,-0.061171,3.910059,5.330939,-0.030826,1.004221,6.291885,0.773768,3.450854,3.396778,0.001363,-0.042670,0.000000,0.074721,-0.207204,0.278622,-0.920856,0.000136,0.976284,0.068499,0.833333,29102.000000,
1265.000000,-0.062416,3.940966,5.350881,-0.031625,1.021434,6.318639,0.790723,3.442674,3.390991,0.001424,-0.043727,0.000000,0.076137,-0.211808,0.283504,-0.920885,0.000136,0.976314,0.069970,0.714286,29109.000000,
1270.000000,-0.063683,3.971979,5.363086,-0.032442,1.039652,6.345454,0.807705,3.643616,3.396477,0.001488,-0.044807,0.000000,0.077579,-0.216426,0.288651,-0.923643,0.000110,1.029476,0.071470,1.250000,29114.000000,
1275.000000,-0.064974,4.003098,5.370614,-0.033277,1.057894,6.372308,0.825759,3.648254,3.610849,0.001554,-0.045912,0.000000,0.079046,-0.221325,0.293813,-0.979751,0.000148,1.032523,0.073000,1.250000,29119.000000,
1280.000000,-0.066289,4.034322,5.393021,-0.034132,1.076091,6.399273,0.843782,3.639442,3.604558,0.001624,-0.047041,0.000000,0.080540,-0.226224,0.298976,-0.979781,0.000148,1.032555,0.074560,0.833333,29125.000000,
1285.000000,-0.067627,4.065651,5.406385,-0.035007,1.095356,6.426305,0.861838,3.853060,3.611231,0.001696,-0.048194,0.000000,0.082060,-0.231138,0.304421,-0.982933,0.000119,1.089056,0.076151,0.555556,29134.000000,
1290.000000,-0.068990,4.097082,5.414510,-0.035901,1.114651,6.453377,0.881033,3.858978,3.838943,0.001772,-0.049373,0.000000,0.083608,-0.236351,0.309883,-1.042535,0.000162,1.092526,0.077772,0.833333,29140.000000,
1295.000000,-0.070378,4.128615,5.439695,-0.036816,1.133898,6.480576,0.900193,3.849465,3.832092,0.001850,-0.050578,0.000000,0.085182,-0.241563,0.315346,-1.042567,0.000162,1.092560,0.079425,1.000000,29146.000000,
1300.000000,-0.071791,4.160251,5.454249,-0.037750,1.154281,6.507847,0.919394,4.076601,3.840080,0.001933,-0.051809,0.000000,0.086786,-0.246794,0.321108,-1.046149,0.000129,1.152617,0.081111,0.454545,29158.000000,
1305.000000,-0.073229,4.191986,5.462936,-0.038707,1.174701,6.535162,0.939804,4.083927,4.081982,0.002018,-0.053067,0.000000,0.088418,-0.252341,0.326891,-1.109466,0.000177,1.156544,0.082829,0.833333,29164.000000,
1310.000000,-0.074693,4.223821,5.491254,-0.039685,1.195069,6.562618,0.960176,4.073633,4.074508,0.002108,-0.054353,0.000000,0.090079,-0.257888,0.332673,-1.109500,0.000177,1.156580,0.084581,0.500000,29175.000000,
1315.000000,-0.076184,4.255754,5.507001,-0.040684,1.216645,6.590153,0.980596,4.315139,4.083917,0.002201,-0.055667,0.000000,0.091770,-0.263456,0.338775,-1.113542,0.000139,1.220412,0.086367,1.000000,29180.000000,
1320.000000,-0.077702,4.287785,5.516172,-0.041706,1.238265,6.617734,1.002300,4.323970,4.340857,0.002298,-0.057010,0.000000,0.093492,-0.269359,0.344899,-1.180790,0.000193,1.224821,0.088187,1.000000,29186.000000,
1325.000000,-0.079246,4.319911,5.548025,-0.042751,1.259829,6.645474,1.023964,4.312802,4.332690,0.002399,-0.058382,0.000000,0.095244,-0.275263,0.351023,-1.180826,0.000193,1.224859,0.090042,0.833333,29193.000000,
1330.000000,-0.080819,4.352133,5.564926,-0.043818,1.282676,6.673298,1.045682,4.569509,4.343582,0.002505,-0.059784,0.000000,0.097029,-0.281189,0.357486,-1.185346,0.000151,1.292679,0.091933,1.000000,29198.000000,
1335.000000,-0.082419,4.384448,5.574453,-0.044910,1.305576,6.701171,1.068763,4.579885,4.616370,0.002615,-0.061216,0.000000,0.098845,-0.287473,0.363973,-1.256734,0.000211,1.297578,0.093861,1.250000,29203.000000,
1340.000000,-0.084048,4.416855,5.610289,-0.046026,1.328414,6.729222,1.091801,4.567739,4.607427,0.002729,-0.062680,0.000000,0.100694,-0.293756,0.370461,-1.256772,0.000211,1.297618,0.095825,0.714286,29210.000000,
1345.000000,-0.085706,4.449353,5.628248,-0.047165,1.352617,6.757363,1.114899,4.840412,4.619791,0.002849,-0.064175,0.000000,0.102577,-0.300065,0.377308,-1.261765,0.000163,1.369617,0.097827,0.833333,29216.000000,
1350.000000,-0.087393,4.481941,5.637931,-0.048330,1.376878,6.785553,1.139445,4.852281,4.909145,0.002973,-0.065703,0.000000,0.104494,-0.306751,0.384183,-1.337472,0.000230,1.374985,0.099867,0.833333,29223.000000,
1355.000000,-0.089110,4.514617,5.678255,-0.049521,1.401073,6.813944,1.163942,4.839035,4.899331,0.003103,-0.067265,0.000000,0.106445,-0.313439,0.391057,-1.337513,0.000230,1.375027,0.101945,1.000000,29228.000000,
1360.000000,-0.090857,4.547379,5.697097,-0.050737,1.426715,6.842430,1.188507,5.128308,4.913036,0.003239,-0.068859,0.000000,0.108432,-0.320153,0.398313,-1.342944,0.000176,1.451362,0.104063,1.250000,29233.000000,
1365.000000,-0.092634,4.580225,5.706641,-0.051979,1.452422,6.870963,1.214605,5.141469,5.219501,0.003380,-0.070489,0.000000,0.110455,-0.327268,0.405598,-1.423104,0.000251,1.457137,0.106221,0.833333,29240.000000,
1370.000000,-0.094442,4.613155,5.752012,-0.053248,1.478057,6.899723,1.240648,5.126986,5.208709,0.003527,-0.072154,0.000000,0.112514,-0.334383,0.412884,-1.423146,0.000251,1.457182,0.108419,0.555556,29249.000000,
1375.000000,-0.096282,4.646167,5.771460,-0.054544,1.505223,6.928580,1.266765,5.433267,5.223437,0.003681,-0.073854,0.000000,0.114611,-0.341527,0.420573,-1.428927,0.000189,1.537944,0.110658,0.714286,29257.000000,
1380.000000,-0.098153,4.679257,5.780450,-0.055868,1.532460,6.957483,1.294502,5.447294,5.547278,0.003840,-0.075591,0.000000,0.116747,-0.349094,0.428292,-1.513596,0.000273,1.544001,0.112940,1.000000,29262.000000,
1385.000000,-0.100057,4.712425,5.831488,-0.057220,1.559617,6.986640,1.322179,5.431417,5.535385,0.004007,-0.077366,0.000000,0.118920,-0.356662,0.436011,-1.513641,0.000273,1.544047,0.115263,0.833333,29268.000000,
1390.000000,-0.101993,4.745668,5.851131,-0.058601,1.588391,7.015896,1.349931,5.754763,5.550551,0.004181,-0.079178,0.000000,0.121134,-0.364259,0.444156,-1.519610,0.000204,1.629233,0.117629,1.000000,29274.000000,
1395.000000,-0.103962,4.778984,5.859005,-0.060010,1.617235,7.045191,1.379389,5.768910,5.891601,0.004362,-0.081030,0.000000,0.123389,-0.372302,0.452332,-1.608729,0.000297,1.635355,0.120039,0.833333,29280.000000,
1400.000000,-0.105964,4.812372,5.916381,-0.061449,1.645992,7.074773,1.408782,5.751460,5.878466,0.004550,-0.082922,0.000000,0.125684,-0.380345,0.460508,-1.608776,0.000297,1.635404,0.122492,1.250000,29285.000000,
1405.000000,-0.108000,4.845828,5.935649,-0.062917,1.676449,7.104451,1.438247,6.091402,5.893102,0.004747,-0.084853,0.000000,0.128021,-0.388418,0.469132,-1.614667,0.000219,1.724866,0.124990,0.833333,29292.000000,
1410.000000,-0.110070,4.879350,5.941671,-0.064416,1.706972,7.134159,1.469500,6.104477,6.250570,0.004951,-0.086826,0.000000,0.130401,-0.396957,0.477784,-1.708011,0.000323,1.730715,0.127534,1.000000,29297.000000,
1415.000000,-0.112173,4.912936,6.006102,-0.065946,1.737398,7.164190,1.500680,6.085255,6.236037,0.005165,-0.088841,0.000000,0.132824,-0.405496,0.486437,-1.708060,0.000323,1.730766,0.130122,1.250000,29302.000000,
1420.000000,-0.114312,4.946583,6.024241,-0.067507,1.769601,7.194311,1.531924,6.440589,6.248659,0.005387,-0.090898,0.000000,0.135292,-0.414062,0.495556,-1.713469,0.000235,1.824159,0.132757,0.555556,29311.000000,
1425.000000,-0.116486,4.980287,6.027487,-0.069099,1.801855,7.224448,1.565028,6.450810,6.620898,0.005619,-0.093000,0.000000,0.137805,-0.423114,0.504701,-1.810585,0.000350,1.829235,0.135438,1.000000,29317.000000,
1430.000000,-0.118694,5.014048,6.099719,-0.070723,1.834003,7.254947,1.598052,6.429597,6.604793,0.005860,-0.095146,0.000000,0.140363,-0.432166,0.513846,-1.810636,0.000350,1.829288,0.138167,0.625000,29326.000000,
1435.000000,-0.120938,5.047861,6.115775,-0.072379,1.867994,7.285526,1.631118,6.798133,6.613256,0.006112,-0.097337,0.000000,0.142968,-0.441240,0.523475,-1.814981,0.000251,1.926007,0.140942,0.714286,29333.000000,
1440.000000,-0.123218,5.081722,6.115139,-0.074068,1.902009,7.316102,1.666106,6.802982,6.997501,0.006374,-0.099575,0.000000,0.145621,-0.450814,0.533121,-1.915121,0.000378,1.929610,0.143766,0.625000,29341.000000,
1445.000000,-0.125533,5.115630,6.195918,-0.075789,1.935906,7.347081,1.701004,6.779539,6.979632,0.006647,-0.101859,0.000000,0.148321,-0.460389,0.542768,-1.915174,0.000378,1.929665,0.146637,0.555556,29351.000000,
1450.000000,-0.127884,5.149581,6.208763,-0.077544,1.971696,7.378125,1.735909,7.157848,6.980995,0.006931,-0.104190,0.000000,0.151071,-0.469976,0.552910,-1.917661,0.000267,2.028775,0.149557,0.625000,29359.000000,
1455.000000,-0.130271,5.183569,6.203003,-0.079332,2.007465,7.409140,1.772774,7.153955,7.373117,0.007227,-0.106571,0.000000,0.153870,-0.480073,0.563058,-2.019723,0.000407,2.029981,0.152526,0.833333,29366.000000,
1460.000000,-0.132694,5.217594,6.293032,-0.081154,2.043106,7.440605,1.809541,7.128028,7.353279,0.007535,-0.109000,0.000000,0.156720,-0.490170,0.573207,-2.019778,0.000407,2.030038,0.155543,0.625000,29374.000000,
1465.000000,-0.135153,5.251650,6.301426,-0.083009,2.080662,7.472112,1.846260,7.511227,7.343732,0.007857,-0.111479,0.000000,0.159622,-0.500265,0.583856,-2.019387,0.000283,2.130229,0.158609,0.714286,29382.000000,
1470.000000,-0.137648,5.285733,6.289269,-0.084898,2.118133,7.503559,1.884950,7.494347,7.738073,0.008191,-0.114010,0.000000,0.162575,-0.510873,0.594493,-2.121875,0.000436,2.127886,0.161724,0.625000,29390.000000,
1475.000000,-0.140179,5.319840,6.389155,-0.086822,2.155462,7.535504,1.923530,7.465675,7.716053,0.008539,-0.116592,0.000000,0.165581,-0.521480,0.605130,-2.121931,0.000436,2.127944,0.164888,0.714286,29397.000000,
1480.000000,-0.142746,5.353967,6.391877,-0.088779,2.194699,7.567464,1.961985,7.847346,7.690969,0.008902,-0.119226,0.000000,0.168641,-0.532065,0.616265,-2.117433,0.000299,2.227516,0.168102,1.000000,29403.000000,
1485.000000,-0.145349,5.388107,6.372197,-0.090771,2.233761,7.599325,2.002387,7.812495,8.080358,0.009279,-0.121913,0.000000,0.171755,-0.543155,0.627364,-2.218469,0.000465,2.220290,0.171364,0.625000,29411.000000,
1490.000000,-0.147986,5.422259,6.482381,-0.092797,2.272665,7.631737,2.042666,7.780822,8.055938,0.009671,-0.124655,0.000000,0.174923,-0.554246,0.638463,-2.218525,0.000465,2.220348,0.174675,0.625000,29419.000000,
1495.000000,-0.150659,5.456416,6.478439,-0.094857,2.313431,7.664129,2.082717,8.153161,8.010139,0.010080,-0.127449,0.000000,0.178148,-0.565286,0.650047,-2.208560,0.000314,2.317262,0.178034,0.714286,29427.000000,
1500.000000,-0.153367,5.490574,6.450504,-0.096951,2.353906,7.696381,2.124648,8.095004,8.386188,0.010505,-0.130300,0.000000,0.181429,-0.576813,0.661562,-2.305971,0.000492,2.303752,0.181441,0.833333,29433.000000,
1505.000000,-0.156108,5.524729,6.571186,-0.099079,2.394206,7.729237,2.166444,8.060088,8.359160,0.010947,-0.133206,0.000000,0.184765,-0.588341,0.673078,-2.306027,0.000492,2.303811,0.184896,0.625000,29442.000000,
1510.000000,-0.158884,5.558875,6.560075,-0.101240,2.436278,7.762038,2.207881,8.414383,8.287437,0.011407,-0.136166,0.000000,0.188159,-0.599784,0.685054,-2.289250,0.000328,2.395825,0.188397,0.714286,29449.000000,
1515.000000,-0.161692,5.593006,6.523828,-0.103434,2.477918,7.794657,2.251087,8.327883,8.641200,0.011885,-0.139185,0.000000,0.191611,-0.611684,0.696924,-2.380749,0.000517,2.374749,0.191945,0.833333,29455.000000,
1520.000000,-0.164533,5.627119,6.654905,-0.105661,2.519365,7.827931,2.294144,8.289509,8.611369,0.012383,-0.142260,0.000000,0.195120,-0.623585,0.708794,-2.380805,0.000517,2.374807,0.195538,0.833333,29461.000000,
1525.000000,-0.167405,5.661208,6.636877,-0.107920,2.562450,7.861116,2.336690,8.616963,8.509257,0.012899,-0.145392,0.000000,0.198689,-0.635362,0.721089,-2.356099,0.000340,2.459710,0.199176,0.714286,29469.000000,
1530.000000,-0.170308,5.695266,6.593177,-0.110211,2.604941,7.894082,2.380851,8.498232,8.832193,0.013436,-0.148582,0.000000,0.202316,-0.647556,0.733236,-2.439548,0.000538,2.430134,0.202857,0.625000,29477.000000,
1535.000000,-0.173240,5.729291,6.734198,-0.112533,2.647222,7.927753,2.424848,8.456225,8.799386,0.013994,-0.151830,0.000000,0.206001,-0.659750,0.745382,-2.439603,0.000538,2.430192,0.206581,1.000000,29483.000000,
1540.000000,-0.176202,5.763278,6.803190,-0.114885,2.690063,7.961769,2.468454,8.568150,8.721249,0.014573,-0.155136,0.000000,0.209746,-0.671871,0.757705,-2.425064,0.000453,2.465454,0.210347,0.833333,29489.000000,
1545.000000,-0.179192,5.797225,6.880966,-0.117268,2.732511,7.996173,2.512484,8.489655,8.805988,0.015174,-0.158500,0.000000,0.213549,-0.684132,0.769965,-2.452915,0.000526,2.453118,0.214153,1.000000,29495.000000,
1550.000000,-0.182210,5.831128,7.029371,-0.119681,2.774728,8.031320,2.556332,8.443270,8.769463,0.015798,-0.161922,0.000000,0.217410,-0.696392,0.782226,-2.452973,0.000526,2.453178,0.218000,0.833333,29502.000000,
1555.000000,-0.185254,5.864985,7.179737,-0.122123,2.816704,8.067219,2.599989,8.395220,8.731496,0.016446,-0.165402,0.000000,0.221330,-0.708652,0.794487,-2.453032,0.000526,2.453241,0.221886,0.833333,29508.000000,
1560.000000,-0.188326,5.898796,7.332144,-0.124594,2.858431,8.103880,2.643449,8.345439,8.692031,0.017117,-0.168940,0.000000,0.225308,-0.720913,0.806748,-2.453092,0.000526,2.453305,0.225810,1.250000,29513.000000,
1565.000000,-0.191423,5.932557,7.486559,-0.127093,2.899900,8.141312,2.686704,8.293884,8.651024,0.017813,-0.172535,0.000000,0.229344,-0.733173,0.819009,-2.453154,0.000526,2.453371,0.229772,1.250000,29517.000000,
1570.000000,-0.194545,5.966268,7.642949,-0.129621,2.941103,8.179527,2.729747,8.240512,8.608436,0.018534,-0.176188,0.000000,0.233438,-0.745434,0.831270,-2.453218,0.000526,2.453439,0.233772,0.714286,29525.000000,
1575.000000,-0.197692,5.999925,7.801279,-0.132175,2.982029,8.218534,2.772568,8.185280,8.564222,0.019281,-0.179898,0.000000,0.237590,-0.757694,0.843531,-2.453283,0.000526,2.453508,0.237807,1.250000,29529.000000,
1580.000000,-0.200862,6.033526,7.961513,-0.134757,3.022670,8.258341,2.815159,8.128142,8.518340,0.020054,-0.183665,0.000000,0.241799,-0.769955,0.855792,-2.453350,0.000526,2.453580,0.241878,0.625000,29538.000000,
1585.000000,-0.204056,6.067070,8.123612,-0.137365,3.063015,8.298959,2.857513,8.069055,8.470748,0.020855,-0.187489,0.000000,0.246066,-0.782216,0.868053,-2.453419,0.000526,2.453652,0.245984,1.000000,29544.000000,
1590.000000,-0.207272,6.100555,8.287539,-0.139998,3.103055,8.340397,2.899620,8.007974,8.421400,0.021684,-0.191369,0.000000,0.250390,-0.794476,0.880314,-2.453490,0.000526,2.453727,0.250123,1.250000,29548.000000,
1595.000000,-0.210510,6.133978,8.453253,-0.142657,3.142780,8.382663,2.941471,7.944854,8.370254,0.022541,-0.195306,0.000000,0.254770,-0.806737,0.892575,-2.453562,0.000526,2.453804,0.254294,0.555556,29558.000000,
1600.000000,-0.213769,6.167336,8.620712,-0.145340,3.182178,8.425767,2.983058,7.879650,8.317264,0.023428,-0.199299,0.000000,0.259208,-0.818998,0.904837,-2.453636,0.000526,2.453882,0.258497,0.833333,29565.000000,
1605.000000,-0.217048,6.200629,8.789872,-0.148046,3.221239,8.469716,3.024370,7.812316,8.262385,0.024345,-0.203348,0.000000,0.263702,-0.831259,0.917098,-2.453712,0.000526,2.453962,0.262730,1.000000,29570.000000,
1610.000000,-0.220345,6.233853,8.960688,-0.150776,3.259953,8.514519,3.065397,7.742806,8.205573,0.025293,-0.207453,0.000000,0.268253,-0.843520,0.929359,-2.453790,0.000526,2.454045,0.266993,0.833333,29576.000000,
1615.000000,-0.223661,6.267007,9.133115,-0.153528,3.298309,8.560185,3.106131,7.671074,8.146782,0.026272,-0.211613,0.000000,0.272859,-0.855781,0.941621,-2.453870,0.000526,2.454129,0.271284,1.250000,29581.000000,
1620.000000,-0.226994,6.300087,9.307103,-0.156301,3.336294,8.606721,3.146561,7.597074,8.085965,0.027284,-0.215828,0.000000,0.277522,-0.868042,0.953882,-2.453951,0.000526,2.454215,0.275602,0.714286,29588.000000,
1625.000000,-0.230344,6.333093,9.482602,-0.159095,3.373898,8.654134,3.186677,7.520760,8.023078,0.028328,-0.220099,0.000000,0.282240,-0.880303,0.966144,-2.454035,0.000526,2.454303,0.279946,0.833333,29595.000000,
1630.000000,-0.233709,6.366021,9.659562,-0.161909,3.411108,8.702431,3.226467,7.442084,7.958072,0.029407,-0.224424,0.000000,0.287014,-0.892564,0.978405,-2.454121,0.000526,2.454393,0.284314,1.000000,29601.000000,
1635.000000,-0.237088,6.398869,9.837929,-0.164742,3.447913,8.751621,3.265921,7.361000,7.890903,0.030520,-0.228803,0.000000,0.291843,-0.904825,0.990667,-2.454208,0.000526,2.454486,0.288705,0.500000,29612.000000,
1640.000000,-0.240480,6.431635,10.017647,-0.167593,3.484301,8.801709,3.305029,7.277461,7.821521,0.031668,-0.233237,0.000000,0.296726,-0.917086,1.002929,-2.454298,0.000526,2.454580,0.293118,0.833333,29618.000000,
1645.000000,-0.243885,6.464317,10.198661,-0.170461,3.520258,8.852703,3.343778,7.191421,7.749882,0.032852,-0.237724,0.000000,0.301665,-0.929348,1.015190,-2.454389,0.000526,2.454677,0.297551,0.625000,29627.000000,
1650.000000,-0.247300,6.496912,10.380910,-0.173346,3.555772,8.904607,3.382158,7.102832,7.675937,0.034073,-0.242265,0.000000,0.306658,-0.941609,1.027452,-2.454483,0.000526,2.454775,0.302003,1.000000,29632.000000,
1655.000000,-0.250725,6.529417,10.564335,-0.176245,3.590830,8.957429,3.420156,7.011648,7.599639,0.035332,-0.246860,0.000000,0.311705,-0.953870,1.039714,-2.454579,0.000526,2.454876,0.306473,1.250000,29637.000000,
1660.000000,-0.254159,6.561831,10.748874,-0.179159,3.625419,9.011173,3.457761,6.917821,7.520941,0.036629,-0.251507,0.000000,0.316805,-0.966132,1.051976,-2.454677,0.000526,2.454979,0.310958,0.833333,29643.000000,
1665.000000,-0.257600,6.594151,10.934461,-0.182087,3.659526,9.065845,3.494960,6.821306,7.439795,0.037965,-0.256207,0.000000,0.321960,-0.978393,1.064238,-2.454777,0.000526,2.455084,0.315457,0.714286,29650.000000,
1670.000000,-0.261047,6.626375,11.121031,-0.185026,3.693136,9.121451,3.531741,6.722055,7.356154,0.039342,-0.260959,0.000000,0.327167,-0.990655,1.076500,-2.454879,0.000526,2.455192,0.319969,0.714286,29658.000000,
1675.000000,-0.264498,6.658500,11.308514,-0.187976,3.726236,9.177993,3.568091,6.620021,7.269969,0.040759,-0.265763,0.000000,0.332427,-1.002916,1.088762,-2.454984,0.000526,2.455301,0.324491,0.833333,29664.000000,
1680.000000,-0.267953,6.690524,11.496841,-0.190936,3.758812,9.235477,3.603997,6.515159,7.181194,0.042218,-0.270618,0.000000,0.337740,-1.015178,1.101024,-2.455090,0.000526,2.455414,0.329022,0.625000,29672.000000,
1685.000000,-0.271410,6.722444,11.685939,-0.193905,3.790849,9.293907,3.639446,6.407422,7.089781,0.043719,-0.275525,0.000000,0.343105,-1.027440,1.113286,-2.455199,0.000526,2.455528,0.333560,0.714286,29680.000000,
1690.000000,-0.274867,6.754259,11.875734,-0.196881,3.822333,9.353286,3.674424,6.296765,6.995683,0.045263,-0.280483,0.000000,0.348522,-1.039701,1.125548,-2.455311,0.000526,2.455645,0.338104,0.833333,29686.000000,
1695.000000,-0.278324,6.785964,12.066149,-0.199863,3.853249,9.413617,3.708918,6.183141,6.898852,0.046852,-0.285491,0.000000,0.353991,-1.051963,1.137810,-2.455424,0.000526,2.455764,0.342650,0.454545,29698.000000,
1700.000000,-0.281777,6.817559,12.257104,-0.202850,3.883581,9.474902,3.742914,6.066506,6.799241,0.048485,-0.290549,0.000000,0.359511,-1.064225,1.150073,-2.455540,0.000526,2.455885,0.347198,0.714286,29705.000000,
1705.000000,-0.285226,6.849041,12.448519,-0.205840,3.913315,9.537145,3.776398,5.946814,6.696803,0.050164,-0.295656,0.000000,0.365081,-1.076487,1.162335,-2.455659,0.000526,2.456009,0.351744,0.500000,29715.000000,
1710.000000,-0.288669,6.880406,12.640311,-0.208832,3.942435,9.600346,3.809356,5.824022,6.591492,0.051890,-0.300814,0.000000,0.370702,-1.088749,1.174597,-2.455780,0.000526,2.456136,0.356288,0.833333,29722.000000,
1715.000000,-0.292105,6.911654,12.832394,-0.211824,3.970926,9.664508,3.841772,5.698084,6.483261,0.053663,-0.306019,0.000000,0.376373,-1.101011,1.186860,-2.455903,0.000526,2.456265,0.360825,0.833333,29728.000000,
1720.000000,-0.295532,6.942781,13.024680,-0.214816,3.998771,9.729632,3.873633,5.568958,6.372064,0.055485,-0.311274,0.000000,0.382094,-1.113273,1.199122,-2.456029,0.000526,2.456397,0.365356,1.000000,29734.000000,
1725.000000,-0.298947,6.973785,13.217080,-0.217805,4.025954,9.795717,3.904922,5.436601,6.257855,0.057355,-0.316576,0.000000,0.387864,-1.125535,1.211385,-2.456157,0.000526,2.456531,0.369876,0.714286,29742.000000,
1730.000000,-0.302349,7.004663,13.409500,-0.220790,4.052458,9.862764,3.935625,5.300970,6.140590,0.059275,-0.321926,0.000000,0.393683,-1.137797,1.223647,-2.456288,0.000526,2.456667,0.374384,0.833333,29749.000000,
1735.000000,-0.305737,7.035413,13.601846,-0.223769,4.078269,9.930774,3.965726,5.162024,6.020223,0.061246,-0.327323,0.000000,0.399551,-1.150059,1.235910,-2.456421,0.000526,2.456807,0.378877,0.714286,29756.000000,
1740.000000,-0.309108,7.066033,13.794021,-0.226740,4.103367,9.999744,3.995209,5.019721,5.896710,0.063269,-0.332766,0.000000,0.405466,-1.162321,1.248172,-2.456557,0.000526,2.456949,0.383352,0.833333,29763.000000,
1745.000000,-0.312460,7.096521,13.985925,-0.229703,4.127737,10.069673,4.024059,4.874022,5.770006,0.065344,-0.338256,0.000000,0.411429,-1.174584,1.260435,-2.456695,0.000526,2.457093,0.387808,0.833333,29769.000000,
1750.000000,-0.315792,7.126873,14.177456,-0.232654,4.151362,10.140561,4.052260,4.724887,5.640070,0.067472,-0.343792,0.000000,0.417439,-1.186846,1.272698,-2.456836,0.000526,2.457241,0.392240,0.714286,29776.000000,
1755.000000,-0.319100,7.157088,14.368510,-0.235593,4.174223,10.212403,4.079794,4.572277,5.506858,0.069654,-0.349372,0.000000,0.423496,-1.199108,1.284961,-2.456980,0.000526,2.457391,0.396647,1.250000,29781.000000,
1760.000000,-0.322384,7.187162,14.558980,-0.238517,4.196304,10.285198,4.106646,4.416154,5.370328,0.071892,-0.354998,0.000000,0.429600,-1.211371,1.297223,-2.457126,0.000526,2.457543,0.401026,1.250000,29786.000000,
1765.000000,-0.325641,7.217095,14.748757,-0.241425,4.217586,10.358942,4.132798,4.256483,5.230440,0.074185,-0.360667,0.000000,0.435749,-1.223633,1.309486,-2.457276,0.000526,2.457699,0.405374,1.000000,29791.000000,
1770.000000,-0.328868,7.246883,14.937728,-0.244314,4.238052,10.433631,4.158234,4.093227,5.087152,0.076535,-0.366380,0.000000,0.441943,-1.235895,1.321749,-2.457428,0.000526,2.457857,0.409687,1.000000,29796.000000,
1775.000000,-0.332064,7.276524,15.125780,-0.247182,4.257684,10.509259,4.182936,3.926352,4.940426,0.078942,-0.372136,0.000000,0.448183,-1.248158,1.334012,-2.457582,0.000526,2.458019,0.413963,0.833333,29802.000000,
1780.000000,-0.335226,7.306017,15.312795,-0.250028,4.276463,10.585823,4.206887,3.755824,4.790222,0.081408,-0.377935,0.000000,0.454466,-1.260420,1.346275,-2.457740,0.000526,2.458183,0.418199,0.833333,29808.000000,
1785.000000,-0.338351,7.335357,15.498654,-0.252849,4.294371,10.663317,4.230069,3.581611,4.636504,0.083933,-0.383776,0.000000,0.460794,-1.272683,1.358538,-2.457900,0.000526,2.458350,0.422391,1.250000,29813.000000,
1790.000000,-0.341438,7.364545,15.683235,-0.255643,4.311390,10.741733,4.252466,3.403682,4.479234,0.086518,-0.389659,0.000000,0.467165,-1.284946,1.370801,-2.458063,0.000526,2.458520,0.426536,1.250000,29818.000000,
1795.000000,-0.344483,7.393576,15.866414,-0.258408,4.327500,10.821065,4.274058,3.222007,4.318376,0.089164,-0.395582,0.000000,0.473579,-1.297208,1.383064,-2.458229,0.000526,2.458692,0.430631,0.833333,29824.000000,
1800.000000,-0.347485,7.422450,16.048063,-0.261141,4.342683,10.901305,4.294827,3.036559,4.153897,0.091871,-0.401546,0.000000,0.480035,-1.309471,1.395327,-2.458398,0.000526,2.458868,0.434673,1.250000,29829.000000,
1805.000000,-0.350440,7.451163,16.228053,-0.263841,4.356919,10.982446,4.314756,2.847309,3.985763,0.094642,-0.407549,0.000000,0.486533,-1.321734,1.407590,-2.458570,0.000526,2.459047,0.438657,1.250000,29834.000000,
1810.000000,-0.353346,7.479714,16.406251,-0.266504,4.370190,11.064477,4.333826,2.654233,3.813943,0.097475,-0.413592,0.000000,0.493072,-1.333997,1.419854,-2.458745,0.000526,2.459229,0.442580,1.000000,29840.000000,
1815.000000,-0.356199,7.508101,16.582524,-0.269129,4.382477,11.147389,4.352018,2.457308,3.638404,0.100373,-0.419674,0.000000,0.499653,-1.346259,1.432117,-2.458923,0.000526,2.459414,0.446440,1.250000,29845.000000,
1820.000000,-0.358999,7.536321,16.756732,-0.271713,4.393759,11.231173,4.369313,2.256511,3.459119,0.103336,-0.425793,0.000000,0.506273,-1.358522,1.444380,-2.459104,0.000526,2.459602,0.450231,1.000000,29850.000000,
1825.000000,-0.361741,7.564373,16.928737,-0.274253,4.404018,11.315817,4.385693,2.051821,3.276059,0.106364,-0.431950,0.000000,0.512933,-1.370785,1.456643,-2.459288,0.000526,2.459793,0.453950,1.000000,29856.000000,
